#
# A fatal error has been detected by the Java Runtime Environment:
#
#  SIGSEGV (0xb) at pc=0x00000001046c147c, pid=19108, tid=63491
#
# JRE version: OpenJDK Runtime Environment Zulu17.64+17-CA (17.0.18+8) (build 17.0.18+8-LTS)
# Java VM: OpenJDK 64-Bit Server VM Zulu17.64+17-CA (17.0.18+8-LTS, mixed mode, sharing, tiered, compressed oops, compressed class ptrs, g1 gc, bsd-aarch64)
# Problematic frame:
# C  [python3.12+0xdd47c]  PyObject_RichCompare+0x38
#
# No core dump will be written. Core dumps have been disabled. To enable core dumping, try "ulimit -c unlimited" before starting Java again
#
# If you would like to submit a bug report, please visit:
#   http://www.azul.com/support/
# The crash happened outside the Java Virtual Machine in native code.
# See problematic frame for where to report the bug.
#

---------------  S U M M A R Y ------------

Command Line: -Dfile.encoding=UTF8 -ea -Xmx1024m 

Host: "MacBookPro18,3" arm64, 8 cores, 16G, Darwin 25.5.0, macOS 26.5.2 (25F84)
Time: Wed Jul 29 18:13:28 2026 KST elapsed time: 34609.747807 seconds (0d 9h 36m 49s)

---------------  T H R E A D  ---------------

Current thread (0x00000001523be400):  JavaThread "SIGTERM handler" daemon [_thread_in_native, id=63491, stack(0x000000031f104000,0x000000031f307000)]

Stack: [0x000000031f104000,0x000000031f307000],  sp=0x000000031f3066b0,  free space=2057k
Native frames: (J=compiled Java code, j=interpreted, Vv=VM code, C=native code)
C  [python3.12+0xdd47c]  PyObject_RichCompare+0x38
C  [python3.12+0xdd324]  PyObject_RichCompareBool+0x18
C  [python3.12+0x26e400]  PyErr_SetInterruptEx+0x68
j  org.jpype.JPypeSignal.interruptPy(I)V+0
j  org.jpype.JPypeSignal.lambda$getSignalHandler$0(ILjava/lang/Object;Ljava/lang/reflect/Method;[Ljava/lang/Object;)Ljava/lang/Object;+7
j  org.jpype.JPypeSignal$$Lambda$14+0x000000a001006d38.invoke(Ljava/lang/Object;Ljava/lang/reflect/Method;[Ljava/lang/Object;)Ljava/lang/Object;+7
j  jdk.proxy2.$Proxy3.handle(Lsun/misc/Signal;)V+16 jdk.proxy2
j  sun.misc.Signal$InternalMiscHandler.handle(Ljdk/internal/misc/Signal;)V+8 jdk.unsupported@17.0.18
j  jdk.internal.misc.Signal$1.run()V+8 java.base@17.0.18
j  java.lang.Thread.run()V+11 java.base@17.0.18
v  ~StubRoutines::call_stub
V  [libjvm.dylib+0x484bc0]  JavaCalls::call_helper(JavaValue*, methodHandle const&, JavaCallArguments*, JavaThread*)+0x39c
V  [libjvm.dylib+0x483bcc]  JavaCalls::call_virtual(JavaValue*, Klass*, Symbol*, Symbol*, JavaCallArguments*, JavaThread*)+0x11c
V  [libjvm.dylib+0x483c98]  JavaCalls::call_virtual(JavaValue*, Handle, Klass*, Symbol*, Symbol*, JavaThread*)+0x64
V  [libjvm.dylib+0x53b644]  thread_entry(JavaThread*, JavaThread*)+0xc4
V  [libjvm.dylib+0x9c5d44]  JavaThread::thread_main_inner()+0x15c
V  [libjvm.dylib+0x9c439c]  Thread::call_run()+0xcc
V  [libjvm.dylib+0x7df164]  thread_native_entry(Thread*)+0x158
C  [libsystem_pthread.dylib+0x6c58]  _pthread_start+0x88

Java frames: (J=compiled Java code, j=interpreted, Vv=VM code)
j  org.jpype.JPypeSignal.interruptPy(I)V+0
j  org.jpype.JPypeSignal.lambda$getSignalHandler$0(ILjava/lang/Object;Ljava/lang/reflect/Method;[Ljava/lang/Object;)Ljava/lang/Object;+7
j  org.jpype.JPypeSignal$$Lambda$14+0x000000a001006d38.invoke(Ljava/lang/Object;Ljava/lang/reflect/Method;[Ljava/lang/Object;)Ljava/lang/Object;+7
j  jdk.proxy2.$Proxy3.handle(Lsun/misc/Signal;)V+16 jdk.proxy2
j  sun.misc.Signal$InternalMiscHandler.handle(Ljdk/internal/misc/Signal;)V+8 jdk.unsupported@17.0.18
j  jdk.internal.misc.Signal$1.run()V+8 java.base@17.0.18
j  java.lang.Thread.run()V+11 java.base@17.0.18
v  ~StubRoutines::call_stub

siginfo: si_signo: 11 (SIGSEGV), si_code: 2 (SEGV_ACCERR), si_addr: 0x0000000000000024

Registers:
 x0=0x0000600000744008  x1=0x0000000104b127d0  x2=0x0000000000000002  x3=0x0000000000000000
 x4=0x0000000000000001  x5=0x0000000000000000  x6=0x00000000000000d6  x7=0x00000001523be400
 x8=0x000000018d0c0388  x9=0x0000000104a9fba8 x10=0x000000014b190190 x11=0x0000000000000004
x12=0x000000016141b200 x13=0x000000016141b200 x14=0x00000000d703e0bb x15=0x00000000d6e3d8ea
x16=0x0000000000000102 x17=0x0000000000000000 x18=0x0000000000000000 x19=0x0000000000000000
x20=0x0000000104b127b0 x21=0x00000001554b45c0 x22=0x0000000000000000 x23=0x000000030753c880
x24=0x000000031f3067d8 x25=0x0000000000000001 x26=0x000000016141b3e0 x27=0x0000000000000000
x28=0x00000001523be400  fp=0x000000031f306700  lr=0x00000001046c1470  sp=0x000000031f3066b0
pc=0x00000001046c147c cpsr=0x0000000080001000

Register to memory mapping:

 x0=0x0000600000744008 points into unknown readable memory: 0x0000000000000000 | 00 00 00 00 00 00 00 00
 x1=0x0000000104b127d0: _PyRuntime+0xaa0 in /Users/kyungduck/miniforge3/envs/nlp_env/bin/python3.12 at 0x00000001045e4000
 x2=0x0000000000000002 is an unknown value
 x3=0x0 is NULL
 x4=0x0000000000000001 is an unknown value
 x5=0x0 is NULL
 x6=0x00000000000000d6 is an unknown value
 x7=0x00000001523be400 is a thread
 x8=0x000000018d0c0388: _tlv_get_addr+0 in /usr/lib/system/libdyld.dylib at 0x000000018d0a3000
 x9=0x0000000104a9fba8: PyLong_Type+0 in /Users/kyungduck/miniforge3/envs/nlp_env/bin/python3.12 at 0x00000001045e4000
x10=0x000000014b190190: Java_org_jpype_JPypeSignal_interruptPy+0 in /Users/kyungduck/miniforge3/envs/nlp_env/lib/python3.12/site-packages/_jpype.so at 0x000000014b17c000
x11=0x0000000000000004 is an unknown value
x12={method} {0x000000016141b200} 'interruptPy' '(I)V' in 'org/jpype/JPypeSignal'
x13={method} {0x000000016141b200} 'interruptPy' '(I)V' in 'org/jpype/JPypeSignal'
x14=0x00000000d703e0bb is an unknown value
x15=0x00000000d6e3d8ea is an unknown value
x16=0x0000000000000102 is an unknown value
x17=0x0 is NULL
x18=0x0 is NULL
x19=0x0 is NULL
x20=0x0000000104b127b0: _PyRuntime+0xa80 in /Users/kyungduck/miniforge3/envs/nlp_env/bin/python3.12 at 0x00000001045e4000
x21=0x00000001554b45c0: _ZN19TemplateInterpreter13_active_tableE+0 in /Users/kyungduck/miniforge3/envs/nlp_env/lib/jvm/lib/server/libjvm.dylib at 0x0000000154824000
x22=0x0 is NULL
x23=0x000000030753c880 is at code_begin+0 in an Interpreter codelet
method entry point (kind = zerolocals)  [0x000000030753c880, 0x000000030753cb80]  768 bytes
x24=0x000000031f3067d8 is pointing into the stack for thread: 0x00000001523be400
x25=0x0000000000000001 is an unknown value
x26=0x000000016141b3e0 is pointing into metadata
x27=0x0 is NULL
x28=0x00000001523be400 is a thread


Top of Stack: (sp=0x000000031f3066b0)
0x000000031f3066b0:   000000016141b3e0 0000000000000001
0x000000031f3066c0:   000000031f3067d8 000000030753c880
0x000000031f3066d0:   000000031f3067d8 000000030753c880
0x000000031f3066e0:   0000000000000000 00000001554b45c0
0x000000031f3066f0:   000000000000000f 0000000104b127b0
0x000000031f306700:   000000031f306720 00000001046c1324
0x000000031f306710:   000000000000000f 0000000104b127b0
0x000000031f306720:   000000031f306740 0000000104852400
0x000000031f306730:   000000031f306758 000000030753b7f0
0x000000031f306740:   000000031f3067b0 000000030753d970
0x000000031f306750:   000000030753d78c 000000016141b200
0x000000031f306760:   000000031f306760 0000000000000000
0x000000031f306770:   000000031f3067d8 000000016141b3e0
0x000000031f306780:   00000007c06ff2d8 0000000000000000
0x000000031f306790:   0000000000000000 000000016141b200
0x000000031f3067a0:   0000000000000000 000000031f3067b0
0x000000031f3067b0:   000000031f306830 000000030753a00c
0x000000031f3067c0:   0000000000000000 00000007c06ff2d8
0x000000031f3067d0:   00000007c0f4abe8 000000000000000f
0x000000031f3067e0:   000000031f3067e0 000000016141b347
0x000000031f3067f0:   000000031f306858 000000016141b3e0
0x000000031f306800:   00000007c06ff2d8 0000000000000000
0x000000031f306810:   0000000000000000 000000016141b350
0x000000031f306820:   000000031f3067d8 000000031f306820
0x000000031f306830:   000000031f3068b0 0000000307539db0
0x000000031f306840:   00000007d0880c38 00000007c0b01230
0x000000031f306850:   00000007c0b013a8 000000000000000f
0x000000031f306860:   000000031f306860 000000016141b90f
0x000000031f306870:   000000031f3068d8 000000016141b978
0x000000031f306880:   00000007c0b00860 0000000000000000
0x000000031f306890:   0000000000000000 000000016141b918
0x000000031f3068a0:   000000031f306840 000000031f306880 

Instructions: (pc=0x00000001046c147c)
0x00000001046c137c:   89 02 00 b4 f4 03 00 aa 20 01 3f d6 00 7c 40 93
0x00000001046c138c:   1d 00 00 14 5f 08 00 71 80 01 00 54 5f 0c 00 71
0x00000001046c139c:   21 fc ff 54 13 00 80 52 24 00 00 14 13 00 80 12
0x00000001046c13ac:   22 00 00 14 88 22 00 90 08 81 33 91 1f 00 08 eb
0x00000001046c13bc:   f3 17 9f 1a 15 00 00 14 33 00 80 52 1b 00 00 14
0x00000001046c13cc:   09 39 40 f9 c9 00 00 b4 29 01 40 f9 89 00 00 b4
0x00000001046c13dc:   f4 03 00 aa 20 01 3f d6 07 00 00 14 08 35 40 f9
0x00000001046c13ec:   28 01 00 b4 08 01 40 f9 e8 00 00 b4 f4 03 00 aa
0x00000001046c13fc:   00 01 3f d6 1f 00 00 f1 13 d4 9f 1a e0 03 14 aa
0x00000001046c140c:   02 00 00 14 33 00 80 52 08 00 40 f9 e8 00 f8 37
0x00000001046c141c:   08 05 00 f1 08 00 00 f9 81 00 00 54 08 04 40 f9
0x00000001046c142c:   08 19 40 f9 00 01 3f d6 e0 03 13 aa fd 7b 41 a9
0x00000001046c143c:   f4 4f c2 a8 c0 03 5f d6 ff 83 01 d1 f8 5f 02 a9
0x00000001046c144c:   f6 57 03 a9 f4 4f 04 a9 fd 7b 05 a9 fd 43 01 91
0x00000001046c145c:   f4 03 00 aa 00 26 00 90 00 00 35 91 08 00 40 f9
0x00000001046c146c:   00 01 3f d6 13 00 40 f9 14 02 00 b4 e1 01 00 b4
0x00000001046c147c:   69 26 40 b9 28 05 00 51 68 26 00 b9 3f 01 00 71
0x00000001046c148c:   cc 03 00 54 69 2a 40 b9 49 03 00 34 1f cd 00 31
0x00000001046c149c:   4c 03 00 54 a0 16 00 f0 00 6c 05 91 a1 16 00 f0
0x00000001046c14ac:   21 c8 05 91 6f d8 04 94 68 32 40 f9 a8 00 00 b4
0x00000001046c14bc:   08 05 40 f9 68 00 00 b4 00 00 80 d2 a0 00 00 14
0x00000001046c14cc:   88 22 00 90 01 85 46 f9 48 6b 80 52 49 16 00 90
0x00000001046c14dc:   29 e9 06 91 e9 23 00 a9 c2 16 00 b0 42 24 17 91
0x00000001046c14ec:   e0 03 13 aa ba d6 03 94 00 00 80 d2 94 00 00 14
0x00000001046c14fc:   1f 01 00 71 0d 13 00 54 28 04 40 f9 89 06 40 f9
0x00000001046c150c:   3f 01 08 eb c0 05 00 54 0b ad 40 f9 8b 01 00 b4
0x00000001046c151c:   6a 09 40 f9 5f 05 00 f1 2b 05 00 54 6b 61 00 91
0x00000001046c152c:   6c 01 40 f9 9f 01 09 eb c0 01 00 54 6b 21 00 91
0x00000001046c153c:   4a 05 00 f1 61 ff ff 54 21 00 00 14 ea 03 08 aa
0x00000001046c154c:   5f 01 09 eb e0 00 00 54 4a 81 40 f9 aa ff ff b5
0x00000001046c155c:   aa 1c 00 d0 4a a1 35 91 3f 01 0a eb 01 03 00 54
0x00000001046c156c:   08 65 40 f9 c8 02 00 b4 a9 1b 00 b0 29 81 30 91 


Stack slot to memory mapping:
stack at sp + 0 slots: 0x000000016141b3e0 is pointing into metadata
stack at sp + 1 slots: 0x0000000000000001 is an unknown value
stack at sp + 2 slots: 0x000000031f3067d8 is pointing into the stack for thread: 0x00000001523be400
stack at sp + 3 slots: 0x000000030753c880 is at code_begin+0 in an Interpreter codelet
method entry point (kind = zerolocals)  [0x000000030753c880, 0x000000030753cb80]  768 bytes
stack at sp + 4 slots: 0x000000031f3067d8 is pointing into the stack for thread: 0x00000001523be400
stack at sp + 5 slots: 0x000000030753c880 is at code_begin+0 in an Interpreter codelet
method entry point (kind = zerolocals)  [0x000000030753c880, 0x000000030753cb80]  768 bytes
stack at sp + 6 slots: 0x0 is NULL
stack at sp + 7 slots: 0x00000001554b45c0: _ZN19TemplateInterpreter13_active_tableE+0 in /Users/kyungduck/miniforge3/envs/nlp_env/lib/jvm/lib/server/libjvm.dylib at 0x0000000154824000


---------------  P R O C E S S  ---------------

Threads class SMR info:
_java_thread_list=0x00006000003356a0, length=13, elements={
0x00000001226fe000, 0x00000001227e5c00, 0x00000001227e8400, 0x00000001227e7e00,
0x00000001227e9000, 0x00000001227e6200, 0x00000001227e6800, 0x00000001227e6e00,
0x00000001227e7400, 0x00000001227eb600, 0x000000015200fa00, 0x000000010608b800,
0x00000001523be400
}

Java Threads: ( => current thread )
  0x00000001226fe000 JavaThread "main" [_thread_in_native, id=259, stack(0x000000016a81c000,0x000000016b81c000)]
  0x00000001227e5c00 JavaThread "Reference Handler" daemon [_thread_blocked, id=24323, stack(0x0000000174784000,0x0000000174987000)]
  0x00000001227e8400 JavaThread "Finalizer" daemon [_thread_blocked, id=27907, stack(0x0000000174990000,0x0000000174b93000)]
  0x00000001227e7e00 JavaThread "Signal Dispatcher" daemon [_thread_blocked, id=27651, stack(0x0000000174b9c000,0x0000000174d9f000)]
  0x00000001227e9000 JavaThread "Service Thread" daemon [_thread_blocked, id=24835, stack(0x0000000174da8000,0x0000000174fab000)]
  0x00000001227e6200 JavaThread "Monitor Deflation Thread" daemon [_thread_blocked, id=26883, stack(0x0000000174fb4000,0x00000001751b7000)]
  0x00000001227e6800 JavaThread "C2 CompilerThread0" daemon [_thread_blocked, id=25347, stack(0x00000001751c0000,0x00000001753c3000)]
  0x00000001227e6e00 JavaThread "C1 CompilerThread0" daemon [_thread_blocked, id=26627, stack(0x00000001753cc000,0x00000001755cf000)]
  0x00000001227e7400 JavaThread "Sweeper thread" daemon [_thread_blocked, id=26371, stack(0x00000001755d8000,0x00000001757db000)]
  0x00000001227eb600 JavaThread "Notification Thread" daemon [_thread_blocked, id=32771, stack(0x00000001757e4000,0x00000001759e7000)]
  0x000000015200fa00 JavaThread "Common-Cleaner" daemon [_thread_blocked, id=42755, stack(0x0000000175bfc000,0x0000000175dff000)]
  0x000000010608b800 JavaThread "Python Reference Queue" daemon [_thread_blocked, id=33283, stack(0x0000000175e08000,0x000000017600b000)]
=>0x00000001523be400 JavaThread "SIGTERM handler" daemon [_thread_in_native, id=63491, stack(0x000000031f104000,0x000000031f307000)]

Other Threads:
  0x000000014b8d7b00 VMThread "VM Thread" [stack: 0x0000000174578000,0x000000017477b000] [id=30723]
  0x000000014b8df820 WatcherThread [stack: 0x00000001759f0000,0x0000000175bf3000] [id=33027]
  0x000000014b8d0ce0 GCTaskThread "GC Thread#0" [stack: 0x0000000173b3c000,0x0000000173d3f000] [id=17411]
  0x000000015070bbf0 GCTaskThread "GC Thread#1" [stack: 0x0000000176014000,0x0000000176217000] [id=33795]
  0x000000015070beb0 GCTaskThread "GC Thread#2" [stack: 0x0000000176220000,0x0000000176423000] [id=42243]
  0x000000015070c560 GCTaskThread "GC Thread#3" [stack: 0x000000017642c000,0x000000017662f000] [id=41987]
  0x000000015070cc10 GCTaskThread "GC Thread#4" [stack: 0x0000000176638000,0x000000017683b000] [id=41731]
  0x000000015070d2c0 GCTaskThread "GC Thread#5" [stack: 0x0000000176844000,0x0000000176a47000] [id=41219]
  0x000000015001cac0 GCTaskThread "GC Thread#6" [stack: 0x0000000177280000,0x0000000177483000] [id=39171]
  0x000000014ba90cd0 GCTaskThread "GC Thread#7" [stack: 0x000000017748c000,0x000000017768f000] [id=36099]
  0x000000014b8d13a0 ConcurrentGCThread "G1 Main Marker" [stack: 0x0000000173d48000,0x0000000173f4b000] [id=17667]
  0x000000014b8d1c30 ConcurrentGCThread "G1 Conc#0" [stack: 0x0000000173f54000,0x0000000174157000] [id=19459]
  0x0000000150713a30 ConcurrentGCThread "G1 Conc#1" [stack: 0x0000000176a50000,0x0000000176c53000] [id=40707]
  0x000000014b8d3ab0 ConcurrentGCThread "G1 Refine#0" [stack: 0x0000000174160000,0x0000000174363000] [id=18179]
  0x000000014b8f0200 ConcurrentGCThread "G1 Refine#1" [stack: 0x0000000176c5c000,0x0000000176e5f000] [id=39939]
  0x000000014b904800 ConcurrentGCThread "G1 Refine#2" [stack: 0x0000000176e68000,0x000000017706b000] [id=39683]
  0x0000000107204d10 ConcurrentGCThread "G1 Refine#3" [stack: 0x0000000177074000,0x0000000177277000] [id=39427]
  0x000000014b8d4360 ConcurrentGCThread "G1 Service" [stack: 0x000000017436c000,0x000000017456f000] [id=18691]

Threads with active compile tasks:

VM state: not at safepoint (normal execution)

VM Mutex/Monitor currently owned by a thread: None

Heap address: 0x00000007c0000000, size: 1024 MB, Compressed Oops mode: Zero based, Oop shift amount: 3

CDS archive(s) mapped at: [0x000000a000000000-0x000000a000bf0000-0x000000a000bf0000), size 12517376, SharedBaseAddress: 0x000000a000000000, ArchiveRelocationMode: 1.
Compressed class space mapped at: 0x000000a001000000-0x000000a041000000, reserved size: 1073741824
Narrow klass base: 0x000000a000000000, Narrow klass shift: 0, Narrow klass range: 0x100000000

GC Precious Log:
 CPUs: 8 total, 8 available
 Memory: 16384M
 Large Page Support: Disabled
 NUMA Support: Disabled
 Compressed Oops: Enabled (Zero based)
 Heap Region Size: 1M
 Heap Min Capacity: 8M
 Heap Initial Capacity: 256M
 Heap Max Capacity: 1G
 Pre-touch: Disabled
 Parallel Workers: 8
 Concurrent Workers: 2
 Concurrent Refinement Workers: 8
 Periodic GC: Disabled

Heap:
 garbage-first heap   total 273408K, used 78740K [0x00000007c0000000, 0x0000000800000000)
  region size 1024K, 1 young (1024K), 0 survivors (0K)
 Metaspace       used 10207K, committed 10496K, reserved 1114112K
  class space    used 1521K, committed 1664K, reserved 1048576K

Heap Regions: E=young(eden), S=young(survivor), O=old, HS=humongous(starts), HC=humongous(continues), CS=collection set, F=free, OA=open archive, CA=closed archive, TAMS=top-at-mark-start (previous, next)
|   0|0x00000007c0000000, 0x00000007c0100000, 0x00000007c0100000|100%|HS|  |TAMS 0x00000007c0100000, 0x00000007c0000000| Untracked 
|   1|0x00000007c0100000, 0x00000007c0200000, 0x00000007c0200000|100%|HC|  |TAMS 0x00000007c0200000, 0x00000007c0100000| Untracked 
|   2|0x00000007c0200000, 0x00000007c0300000, 0x00000007c0300000|100%|HS|  |TAMS 0x00000007c0300000, 0x00000007c0200000| Untracked 
|   3|0x00000007c0300000, 0x00000007c0400000, 0x00000007c0400000|100%|HC|  |TAMS 0x00000007c0400000, 0x00000007c0300000| Untracked 
|   4|0x00000007c0400000, 0x00000007c0500000, 0x00000007c0500000|100%| O|  |TAMS 0x00000007c0500000, 0x00000007c0400000| Untracked 
|   5|0x00000007c0500000, 0x00000007c0600000, 0x00000007c0600000|100%| O|  |TAMS 0x00000007c0600000, 0x00000007c0500000| Untracked 
|   6|0x00000007c0600000, 0x00000007c06fffa0, 0x00000007c0700000| 99%| O|  |TAMS 0x00000007c06fffa0, 0x00000007c0600000| Untracked 
|   7|0x00000007c0700000, 0x00000007c0800000, 0x00000007c0800000|100%| O|  |TAMS 0x00000007c0800000, 0x00000007c0700000| Untracked 
|   8|0x00000007c0800000, 0x00000007c0900000, 0x00000007c0900000|100%| O|  |TAMS 0x00000007c0900000, 0x00000007c0800000| Untracked 
|   9|0x00000007c0900000, 0x00000007c0a00000, 0x00000007c0a00000|100%| O|  |TAMS 0x00000007c0a00000, 0x00000007c0900000| Untracked 
|  10|0x00000007c0a00000, 0x00000007c0b00000, 0x00000007c0b00000|100%| O|  |TAMS 0x00000007c0b00000, 0x00000007c0a00000| Untracked 
|  11|0x00000007c0b00000, 0x00000007c0c00000, 0x00000007c0c00000|100%| O|  |TAMS 0x00000007c0c00000, 0x00000007c0b00000| Untracked 
|  12|0x00000007c0c00000, 0x00000007c0cffff0, 0x00000007c0d00000| 99%| O|  |TAMS 0x00000007c0cffff0, 0x00000007c0c00000| Untracked 
|  13|0x00000007c0d00000, 0x00000007c0e00000, 0x00000007c0e00000|100%| O|  |TAMS 0x00000007c0e00000, 0x00000007c0d00000| Untracked 
|  14|0x00000007c0e00000, 0x00000007c0f00000, 0x00000007c0f00000|100%| O|  |TAMS 0x00000007c0f00000, 0x00000007c0e00000| Untracked 
|  15|0x00000007c0f00000, 0x00000007c0fda5c8, 0x00000007c1000000| 85%| O|  |TAMS 0x00000007c0f00000, 0x00000007c0f00000| Untracked 
|  16|0x00000007c1000000, 0x00000007c10fffe8, 0x00000007c1100000| 99%| O|  |TAMS 0x00000007c10fffe8, 0x00000007c1000000| Untracked 
|  17|0x00000007c1100000, 0x00000007c1200000, 0x00000007c1200000|100%| O|  |TAMS 0x00000007c1200000, 0x00000007c1100000| Untracked 
|  18|0x00000007c1200000, 0x00000007c12ffff8, 0x00000007c1300000| 99%| O|  |TAMS 0x00000007c12ffff8, 0x00000007c1200000| Untracked 
|  19|0x00000007c1300000, 0x00000007c13ffff8, 0x00000007c1400000| 99%| O|  |TAMS 0x00000007c13ffff8, 0x00000007c1300000| Untracked 
|  20|0x00000007c1400000, 0x00000007c1500000, 0x00000007c1500000|100%|HS|  |TAMS 0x00000007c1500000, 0x00000007c1400000| Untracked 
|  21|0x00000007c1500000, 0x00000007c1600000, 0x00000007c1600000|100%|HS|  |TAMS 0x00000007c1600000, 0x00000007c1500000| Untracked 
|  22|0x00000007c1600000, 0x00000007c16ffff8, 0x00000007c1700000| 99%| O|  |TAMS 0x00000007c16ffff8, 0x00000007c1600000| Untracked 
|  23|0x00000007c1700000, 0x00000007c17ffff0, 0x00000007c1800000| 99%| O|  |TAMS 0x00000007c17ffff0, 0x00000007c1700000| Untracked 
|  24|0x00000007c1800000, 0x00000007c18ffff0, 0x00000007c1900000| 99%| O|  |TAMS 0x00000007c18ffff0, 0x00000007c1800000| Untracked 
|  25|0x00000007c1900000, 0x00000007c1a00000, 0x00000007c1a00000|100%|HS|  |TAMS 0x00000007c1a00000, 0x00000007c1900000| Untracked 
|  26|0x00000007c1a00000, 0x00000007c1b00000, 0x00000007c1b00000|100%|HC|  |TAMS 0x00000007c1b00000, 0x00000007c1a00000| Untracked 
|  27|0x00000007c1b00000, 0x00000007c1c00000, 0x00000007c1c00000|100%|HS|  |TAMS 0x00000007c1c00000, 0x00000007c1b00000| Untracked 
|  28|0x00000007c1c00000, 0x00000007c1d00000, 0x00000007c1d00000|100%|HC|  |TAMS 0x00000007c1d00000, 0x00000007c1c00000| Untracked 
|  29|0x00000007c1d00000, 0x00000007c1dffff8, 0x00000007c1e00000| 99%| O|  |TAMS 0x00000007c1dffff8, 0x00000007c1d00000| Untracked 
|  30|0x00000007c1e00000, 0x00000007c1e7d850, 0x00000007c1f00000| 49%| O|  |TAMS 0x00000007c1e00000, 0x00000007c1e00000| Untracked 
|  31|0x00000007c1f00000, 0x00000007c1fbcf20, 0x00000007c2000000| 73%| O|  |TAMS 0x00000007c1f00000, 0x00000007c1f00000| Untracked 
|  32|0x00000007c2000000, 0x00000007c20ffff8, 0x00000007c2100000| 99%| O|  |TAMS 0x00000007c20ffff8, 0x00000007c2000000| Untracked 
|  33|0x00000007c2100000, 0x00000007c21ffff8, 0x00000007c2200000| 99%| O|  |TAMS 0x00000007c21ffff8, 0x00000007c2100000| Untracked 
|  34|0x00000007c2200000, 0x00000007c22ffff0, 0x00000007c2300000| 99%| O|  |TAMS 0x00000007c22ffff0, 0x00000007c2200000| Untracked 
|  35|0x00000007c2300000, 0x00000007c237d858, 0x00000007c2400000| 49%| O|  |TAMS 0x00000007c2300000, 0x00000007c2300000| Untracked 
|  36|0x00000007c2400000, 0x00000007c2462d78, 0x00000007c2500000| 38%| O|  |TAMS 0x00000007c2400000, 0x00000007c2400000| Untracked 
|  37|0x00000007c2500000, 0x00000007c2500000, 0x00000007c2600000|  0%| F|  |TAMS 0x00000007c2500000, 0x00000007c2500000| Untracked 
|  38|0x00000007c2600000, 0x00000007c2700000, 0x00000007c2700000|100%|HS|  |TAMS 0x00000007c2700000, 0x00000007c2600000| Untracked 
|  39|0x00000007c2700000, 0x00000007c2800000, 0x00000007c2800000|100%|HC|  |TAMS 0x00000007c2800000, 0x00000007c2700000| Untracked 
|  40|0x00000007c2800000, 0x00000007c2900000, 0x00000007c2900000|100%| O|  |TAMS 0x00000007c2900000, 0x00000007c2800000| Untracked 
|  41|0x00000007c2900000, 0x00000007c2a00000, 0x00000007c2a00000|100%| O|  |TAMS 0x00000007c2a00000, 0x00000007c2900000| Untracked 
|  42|0x00000007c2a00000, 0x00000007c2b00000, 0x00000007c2b00000|100%| O|  |TAMS 0x00000007c2b00000, 0x00000007c2a00000| Untracked 
|  43|0x00000007c2b00000, 0x00000007c2c00000, 0x00000007c2c00000|100%| O|  |TAMS 0x00000007c2c00000, 0x00000007c2b00000| Untracked 
|  44|0x00000007c2c00000, 0x00000007c2c00000, 0x00000007c2d00000|  0%| F|  |TAMS 0x00000007c2c00000, 0x00000007c2c00000| Untracked 
|  45|0x00000007c2d00000, 0x00000007c2e00000, 0x00000007c2e00000|100%|HS|  |TAMS 0x00000007c2e00000, 0x00000007c2d00000| Untracked 
|  46|0x00000007c2e00000, 0x00000007c2e00000, 0x00000007c2f00000|  0%| F|  |TAMS 0x00000007c2e00000, 0x00000007c2e00000| Untracked 
|  47|0x00000007c2f00000, 0x00000007c3000000, 0x00000007c3000000|100%|HS|  |TAMS 0x00000007c3000000, 0x00000007c2f00000| Untracked 
|  48|0x00000007c3000000, 0x00000007c3100000, 0x00000007c3100000|100%|HC|  |TAMS 0x00000007c3100000, 0x00000007c3000000| Untracked 
|  49|0x00000007c3100000, 0x00000007c3100000, 0x00000007c3200000|  0%| F|  |TAMS 0x00000007c3100000, 0x00000007c3100000| Untracked 
|  50|0x00000007c3200000, 0x00000007c3300000, 0x00000007c3300000|100%| O|  |TAMS 0x00000007c3300000, 0x00000007c3200000| Untracked 
|  51|0x00000007c3300000, 0x00000007c33ffff8, 0x00000007c3400000| 99%| O|  |TAMS 0x00000007c33ffff8, 0x00000007c3300000| Untracked 
|  52|0x00000007c3400000, 0x00000007c3500000, 0x00000007c3500000|100%| O|  |TAMS 0x00000007c3500000, 0x00000007c3400000| Untracked 
|  53|0x00000007c3500000, 0x00000007c3600000, 0x00000007c3600000|100%| O|  |TAMS 0x00000007c3600000, 0x00000007c3500000| Untracked 
|  54|0x00000007c3600000, 0x00000007c3700000, 0x00000007c3700000|100%| O|  |TAMS 0x00000007c3700000, 0x00000007c3600000| Untracked 
|  55|0x00000007c3700000, 0x00000007c3800000, 0x00000007c3800000|100%| O|  |TAMS 0x00000007c3800000, 0x00000007c3700000| Untracked 
|  56|0x00000007c3800000, 0x00000007c3900000, 0x00000007c3900000|100%| O|  |TAMS 0x00000007c3900000, 0x00000007c3800000| Untracked 
|  57|0x00000007c3900000, 0x00000007c3a00000, 0x00000007c3a00000|100%| O|  |TAMS 0x00000007c3a00000, 0x00000007c3900000| Untracked 
|  58|0x00000007c3a00000, 0x00000007c3b00000, 0x00000007c3b00000|100%| O|  |TAMS 0x00000007c3b00000, 0x00000007c3a00000| Untracked 
|  59|0x00000007c3b00000, 0x00000007c3c00000, 0x00000007c3c00000|100%| O|  |TAMS 0x00000007c3c00000, 0x00000007c3b00000| Untracked 
|  60|0x00000007c3c00000, 0x00000007c3d00000, 0x00000007c3d00000|100%| O|  |TAMS 0x00000007c3d00000, 0x00000007c3c00000| Untracked 
|  61|0x00000007c3d00000, 0x00000007c3e00000, 0x00000007c3e00000|100%| O|  |TAMS 0x00000007c3e00000, 0x00000007c3d00000| Untracked 
|  62|0x00000007c3e00000, 0x00000007c3f00000, 0x00000007c3f00000|100%| O|  |TAMS 0x00000007c3f00000, 0x00000007c3e00000| Untracked 
|  63|0x00000007c3f00000, 0x00000007c4000000, 0x00000007c4000000|100%| O|  |TAMS 0x00000007c4000000, 0x00000007c3f00000| Untracked 
|  64|0x00000007c4000000, 0x00000007c4100000, 0x00000007c4100000|100%| O|  |TAMS 0x00000007c4100000, 0x00000007c4000000| Untracked 
|  65|0x00000007c4100000, 0x00000007c41ffff0, 0x00000007c4200000| 99%| O|  |TAMS 0x00000007c41ffff0, 0x00000007c4100000| Untracked 
|  66|0x00000007c4200000, 0x00000007c4200000, 0x00000007c4300000|  0%| F|  |TAMS 0x00000007c4200000, 0x00000007c4200000| Untracked 
|  67|0x00000007c4300000, 0x00000007c4400000, 0x00000007c4400000|100%| O|  |TAMS 0x00000007c4400000, 0x00000007c4300000| Untracked 
|  68|0x00000007c4400000, 0x00000007c4500000, 0x00000007c4500000|100%| O|  |TAMS 0x00000007c4500000, 0x00000007c4400000| Untracked 
|  69|0x00000007c4500000, 0x00000007c4600000, 0x00000007c4600000|100%| O|  |TAMS 0x00000007c4600000, 0x00000007c4500000| Untracked 
|  70|0x00000007c4600000, 0x00000007c4700000, 0x00000007c4700000|100%| O|  |TAMS 0x00000007c4700000, 0x00000007c4600000| Untracked 
|  71|0x00000007c4700000, 0x00000007c4800000, 0x00000007c4800000|100%| O|  |TAMS 0x00000007c4800000, 0x00000007c4700000| Untracked 
|  72|0x00000007c4800000, 0x00000007c4900000, 0x00000007c4900000|100%| O|  |TAMS 0x00000007c4900000, 0x00000007c4800000| Untracked 
|  73|0x00000007c4900000, 0x00000007c4a00000, 0x00000007c4a00000|100%| O|  |TAMS 0x00000007c4a00000, 0x00000007c4900000| Untracked 
|  74|0x00000007c4a00000, 0x00000007c4afffe8, 0x00000007c4b00000| 99%| O|  |TAMS 0x00000007c4afffe8, 0x00000007c4a00000| Untracked 
|  75|0x00000007c4b00000, 0x00000007c4b00000, 0x00000007c4c00000|  0%| F|  |TAMS 0x00000007c4b00000, 0x00000007c4b00000| Untracked 
|  76|0x00000007c4c00000, 0x00000007c4d00000, 0x00000007c4d00000|100%| O|  |TAMS 0x00000007c4d00000, 0x00000007c4c00000| Untracked 
|  77|0x00000007c4d00000, 0x00000007c4e00000, 0x00000007c4e00000|100%| O|  |TAMS 0x00000007c4e00000, 0x00000007c4d00000| Untracked 
|  78|0x00000007c4e00000, 0x00000007c4e00000, 0x00000007c4f00000|  0%| F|  |TAMS 0x00000007c4e00000, 0x00000007c4e00000| Untracked 
|  79|0x00000007c4f00000, 0x00000007c4ffffe8, 0x00000007c5000000| 99%| O|  |TAMS 0x00000007c4ffffe8, 0x00000007c4f00000| Untracked 
|  80|0x00000007c5000000, 0x00000007c5100000, 0x00000007c5100000|100%| O|  |TAMS 0x00000007c5100000, 0x00000007c5000000| Untracked 
|  81|0x00000007c5100000, 0x00000007c51ffff0, 0x00000007c5200000| 99%| O|  |TAMS 0x00000007c51ffff0, 0x00000007c5100000| Untracked 
|  82|0x00000007c5200000, 0x00000007c5200000, 0x00000007c5300000|  0%| F|  |TAMS 0x00000007c5200000, 0x00000007c5200000| Untracked 
|  83|0x00000007c5300000, 0x00000007c5300000, 0x00000007c5400000|  0%| F|  |TAMS 0x00000007c5300000, 0x00000007c5300000| Untracked 
|  84|0x00000007c5400000, 0x00000007c5400000, 0x00000007c5500000|  0%| F|  |TAMS 0x00000007c5400000, 0x00000007c5400000| Untracked 
|  85|0x00000007c5500000, 0x00000007c5500000, 0x00000007c5600000|  0%| F|  |TAMS 0x00000007c5500000, 0x00000007c5500000| Untracked 
|  86|0x00000007c5600000, 0x00000007c5600000, 0x00000007c5700000|  0%| F|  |TAMS 0x00000007c5600000, 0x00000007c5600000| Untracked 
|  87|0x00000007c5700000, 0x00000007c57ffff0, 0x00000007c5800000| 99%| O|  |TAMS 0x00000007c57ffff0, 0x00000007c5700000| Untracked 
|  88|0x00000007c5800000, 0x00000007c5800000, 0x00000007c5900000|  0%| F|  |TAMS 0x00000007c5800000, 0x00000007c5800000| Untracked 
|  89|0x00000007c5900000, 0x00000007c5900000, 0x00000007c5a00000|  0%| F|  |TAMS 0x00000007c5900000, 0x00000007c5900000| Untracked 
|  90|0x00000007c5a00000, 0x00000007c5a00000, 0x00000007c5b00000|  0%| F|  |TAMS 0x00000007c5a00000, 0x00000007c5a00000| Untracked 
|  91|0x00000007c5b00000, 0x00000007c5b00000, 0x00000007c5c00000|  0%| F|  |TAMS 0x00000007c5b00000, 0x00000007c5b00000| Untracked 
|  92|0x00000007c5c00000, 0x00000007c5c00000, 0x00000007c5d00000|  0%| F|  |TAMS 0x00000007c5c00000, 0x00000007c5c00000| Untracked 
|  93|0x00000007c5d00000, 0x00000007c5d00000, 0x00000007c5e00000|  0%| F|  |TAMS 0x00000007c5d00000, 0x00000007c5d00000| Untracked 
|  94|0x00000007c5e00000, 0x00000007c5e00000, 0x00000007c5f00000|  0%| F|  |TAMS 0x00000007c5e00000, 0x00000007c5e00000| Untracked 
|  95|0x00000007c5f00000, 0x00000007c5f00000, 0x00000007c6000000|  0%| F|  |TAMS 0x00000007c5f00000, 0x00000007c5f00000| Untracked 
|  96|0x00000007c6000000, 0x00000007c6000000, 0x00000007c6100000|  0%| F|  |TAMS 0x00000007c6000000, 0x00000007c6000000| Untracked 
|  97|0x00000007c6100000, 0x00000007c6100000, 0x00000007c6200000|  0%| F|  |TAMS 0x00000007c6100000, 0x00000007c6100000| Untracked 
|  98|0x00000007c6200000, 0x00000007c6200000, 0x00000007c6300000|  0%| F|  |TAMS 0x00000007c6200000, 0x00000007c6200000| Untracked 
|  99|0x00000007c6300000, 0x00000007c6300000, 0x00000007c6400000|  0%| F|  |TAMS 0x00000007c6300000, 0x00000007c6300000| Untracked 
| 100|0x00000007c6400000, 0x00000007c6400000, 0x00000007c6500000|  0%| F|  |TAMS 0x00000007c6400000, 0x00000007c6400000| Untracked 
| 101|0x00000007c6500000, 0x00000007c6500000, 0x00000007c6600000|  0%| F|  |TAMS 0x00000007c6500000, 0x00000007c6500000| Untracked 
| 102|0x00000007c6600000, 0x00000007c6600000, 0x00000007c6700000|  0%| F|  |TAMS 0x00000007c6600000, 0x00000007c6600000| Untracked 
| 103|0x00000007c6700000, 0x00000007c6700000, 0x00000007c6800000|  0%| F|  |TAMS 0x00000007c6700000, 0x00000007c6700000| Untracked 
| 104|0x00000007c6800000, 0x00000007c6800000, 0x00000007c6900000|  0%| F|  |TAMS 0x00000007c6800000, 0x00000007c6800000| Untracked 
| 105|0x00000007c6900000, 0x00000007c6900000, 0x00000007c6a00000|  0%| F|  |TAMS 0x00000007c6900000, 0x00000007c6900000| Untracked 
| 106|0x00000007c6a00000, 0x00000007c6a00000, 0x00000007c6b00000|  0%| F|  |TAMS 0x00000007c6a00000, 0x00000007c6a00000| Untracked 
| 107|0x00000007c6b00000, 0x00000007c6b00000, 0x00000007c6c00000|  0%| F|  |TAMS 0x00000007c6b00000, 0x00000007c6b00000| Untracked 
| 108|0x00000007c6c00000, 0x00000007c6c00000, 0x00000007c6d00000|  0%| F|  |TAMS 0x00000007c6c00000, 0x00000007c6c00000| Untracked 
| 109|0x00000007c6d00000, 0x00000007c6d00000, 0x00000007c6e00000|  0%| F|  |TAMS 0x00000007c6d00000, 0x00000007c6d00000| Untracked 
| 110|0x00000007c6e00000, 0x00000007c6e00000, 0x00000007c6f00000|  0%| F|  |TAMS 0x00000007c6e00000, 0x00000007c6e00000| Untracked 
| 111|0x00000007c6f00000, 0x00000007c6f00000, 0x00000007c7000000|  0%| F|  |TAMS 0x00000007c6f00000, 0x00000007c6f00000| Untracked 
| 112|0x00000007c7000000, 0x00000007c7000000, 0x00000007c7100000|  0%| F|  |TAMS 0x00000007c7000000, 0x00000007c7000000| Untracked 
| 113|0x00000007c7100000, 0x00000007c7100000, 0x00000007c7200000|  0%| F|  |TAMS 0x00000007c7100000, 0x00000007c7100000| Untracked 
| 114|0x00000007c7200000, 0x00000007c7200000, 0x00000007c7300000|  0%| F|  |TAMS 0x00000007c7200000, 0x00000007c7200000| Untracked 
| 115|0x00000007c7300000, 0x00000007c7300000, 0x00000007c7400000|  0%| F|  |TAMS 0x00000007c7300000, 0x00000007c7300000| Untracked 
| 116|0x00000007c7400000, 0x00000007c7400000, 0x00000007c7500000|  0%| F|  |TAMS 0x00000007c7400000, 0x00000007c7400000| Untracked 
| 117|0x00000007c7500000, 0x00000007c7500000, 0x00000007c7600000|  0%| F|  |TAMS 0x00000007c7500000, 0x00000007c7500000| Untracked 
| 118|0x00000007c7600000, 0x00000007c7600000, 0x00000007c7700000|  0%| F|  |TAMS 0x00000007c7600000, 0x00000007c7600000| Untracked 
| 119|0x00000007c7700000, 0x00000007c7700000, 0x00000007c7800000|  0%| F|  |TAMS 0x00000007c7700000, 0x00000007c7700000| Untracked 
| 120|0x00000007c7800000, 0x00000007c7800000, 0x00000007c7900000|  0%| F|  |TAMS 0x00000007c7800000, 0x00000007c7800000| Untracked 
| 121|0x00000007c7900000, 0x00000007c7900000, 0x00000007c7a00000|  0%| F|  |TAMS 0x00000007c7900000, 0x00000007c7900000| Untracked 
| 122|0x00000007c7a00000, 0x00000007c7a00000, 0x00000007c7b00000|  0%| F|  |TAMS 0x00000007c7a00000, 0x00000007c7a00000| Untracked 
| 123|0x00000007c7b00000, 0x00000007c7b00000, 0x00000007c7c00000|  0%| F|  |TAMS 0x00000007c7b00000, 0x00000007c7b00000| Untracked 
| 124|0x00000007c7c00000, 0x00000007c7c00000, 0x00000007c7d00000|  0%| F|  |TAMS 0x00000007c7c00000, 0x00000007c7c00000| Untracked 
| 125|0x00000007c7d00000, 0x00000007c7d00000, 0x00000007c7e00000|  0%| F|  |TAMS 0x00000007c7d00000, 0x00000007c7d00000| Untracked 
| 126|0x00000007c7e00000, 0x00000007c7e00000, 0x00000007c7f00000|  0%| F|  |TAMS 0x00000007c7e00000, 0x00000007c7e00000| Untracked 
| 127|0x00000007c7f00000, 0x00000007c7f00000, 0x00000007c8000000|  0%| F|  |TAMS 0x00000007c7f00000, 0x00000007c7f00000| Untracked 
| 128|0x00000007c8000000, 0x00000007c8000000, 0x00000007c8100000|  0%| F|  |TAMS 0x00000007c8000000, 0x00000007c8000000| Untracked 
| 129|0x00000007c8100000, 0x00000007c8100000, 0x00000007c8200000|  0%| F|  |TAMS 0x00000007c8100000, 0x00000007c8100000| Untracked 
| 130|0x00000007c8200000, 0x00000007c8200000, 0x00000007c8300000|  0%| F|  |TAMS 0x00000007c8200000, 0x00000007c8200000| Untracked 
| 131|0x00000007c8300000, 0x00000007c8300000, 0x00000007c8400000|  0%| F|  |TAMS 0x00000007c8300000, 0x00000007c8300000| Untracked 
| 132|0x00000007c8400000, 0x00000007c8400000, 0x00000007c8500000|  0%| F|  |TAMS 0x00000007c8400000, 0x00000007c8400000| Untracked 
| 133|0x00000007c8500000, 0x00000007c8600000, 0x00000007c8600000|100%| O|  |TAMS 0x00000007c8600000, 0x00000007c8500000| Untracked 
| 134|0x00000007c8600000, 0x00000007c8600000, 0x00000007c8700000|  0%| F|  |TAMS 0x00000007c8600000, 0x00000007c8600000| Untracked 
| 135|0x00000007c8700000, 0x00000007c8700000, 0x00000007c8800000|  0%| F|  |TAMS 0x00000007c8700000, 0x00000007c8700000| Untracked 
| 136|0x00000007c8800000, 0x00000007c8800000, 0x00000007c8900000|  0%| F|  |TAMS 0x00000007c8800000, 0x00000007c8800000| Untracked 
| 137|0x00000007c8900000, 0x00000007c8900000, 0x00000007c8a00000|  0%| F|  |TAMS 0x00000007c8900000, 0x00000007c8900000| Untracked 
| 138|0x00000007c8a00000, 0x00000007c8a00000, 0x00000007c8b00000|  0%| F|  |TAMS 0x00000007c8a00000, 0x00000007c8a00000| Untracked 
| 139|0x00000007c8b00000, 0x00000007c8b00000, 0x00000007c8c00000|  0%| F|  |TAMS 0x00000007c8b00000, 0x00000007c8b00000| Untracked 
| 140|0x00000007c8c00000, 0x00000007c8c00000, 0x00000007c8d00000|  0%| F|  |TAMS 0x00000007c8c00000, 0x00000007c8c00000| Untracked 
| 141|0x00000007c8d00000, 0x00000007c8d00000, 0x00000007c8e00000|  0%| F|  |TAMS 0x00000007c8d00000, 0x00000007c8d00000| Untracked 
| 142|0x00000007c8e00000, 0x00000007c8e00000, 0x00000007c8f00000|  0%| F|  |TAMS 0x00000007c8e00000, 0x00000007c8e00000| Untracked 
| 143|0x00000007c8f00000, 0x00000007c8f00000, 0x00000007c9000000|  0%| F|  |TAMS 0x00000007c8f00000, 0x00000007c8f00000| Untracked 
| 144|0x00000007c9000000, 0x00000007c9000000, 0x00000007c9100000|  0%| F|  |TAMS 0x00000007c9000000, 0x00000007c9000000| Untracked 
| 145|0x00000007c9100000, 0x00000007c9100000, 0x00000007c9200000|  0%| F|  |TAMS 0x00000007c9100000, 0x00000007c9100000| Untracked 
| 146|0x00000007c9200000, 0x00000007c9200000, 0x00000007c9300000|  0%| F|  |TAMS 0x00000007c9200000, 0x00000007c9200000| Untracked 
| 147|0x00000007c9300000, 0x00000007c9300000, 0x00000007c9400000|  0%| F|  |TAMS 0x00000007c9300000, 0x00000007c9300000| Untracked 
| 148|0x00000007c9400000, 0x00000007c9400000, 0x00000007c9500000|  0%| F|  |TAMS 0x00000007c9400000, 0x00000007c9400000| Untracked 
| 149|0x00000007c9500000, 0x00000007c9500000, 0x00000007c9600000|  0%| F|  |TAMS 0x00000007c9500000, 0x00000007c9500000| Untracked 
| 150|0x00000007c9600000, 0x00000007c96ffff8, 0x00000007c9700000| 99%| O|  |TAMS 0x00000007c96ffff8, 0x00000007c9600000| Untracked 
| 151|0x00000007c9700000, 0x00000007c9700000, 0x00000007c9800000|  0%| F|  |TAMS 0x00000007c9700000, 0x00000007c9700000| Untracked 
| 152|0x00000007c9800000, 0x00000007c9800000, 0x00000007c9900000|  0%| F|  |TAMS 0x00000007c9800000, 0x00000007c9800000| Untracked 
| 153|0x00000007c9900000, 0x00000007c9900000, 0x00000007c9a00000|  0%| F|  |TAMS 0x00000007c9900000, 0x00000007c9900000| Untracked 
| 154|0x00000007c9a00000, 0x00000007c9a00000, 0x00000007c9b00000|  0%| F|  |TAMS 0x00000007c9a00000, 0x00000007c9a00000| Untracked 
| 155|0x00000007c9b00000, 0x00000007c9b00000, 0x00000007c9c00000|  0%| F|  |TAMS 0x00000007c9b00000, 0x00000007c9b00000| Untracked 
| 156|0x00000007c9c00000, 0x00000007c9c00000, 0x00000007c9d00000|  0%| F|  |TAMS 0x00000007c9c00000, 0x00000007c9c00000| Untracked 
| 157|0x00000007c9d00000, 0x00000007c9d00000, 0x00000007c9e00000|  0%| F|  |TAMS 0x00000007c9d00000, 0x00000007c9d00000| Untracked 
| 158|0x00000007c9e00000, 0x00000007c9e00000, 0x00000007c9f00000|  0%| F|  |TAMS 0x00000007c9e00000, 0x00000007c9e00000| Untracked 
| 159|0x00000007c9f00000, 0x00000007c9f00000, 0x00000007ca000000|  0%| F|  |TAMS 0x00000007c9f00000, 0x00000007c9f00000| Untracked 
| 160|0x00000007ca000000, 0x00000007ca000000, 0x00000007ca100000|  0%| F|  |TAMS 0x00000007ca000000, 0x00000007ca000000| Untracked 
| 161|0x00000007ca100000, 0x00000007ca100000, 0x00000007ca200000|  0%| F|  |TAMS 0x00000007ca100000, 0x00000007ca100000| Untracked 
| 162|0x00000007ca200000, 0x00000007ca200000, 0x00000007ca300000|  0%| F|  |TAMS 0x00000007ca200000, 0x00000007ca200000| Untracked 
| 163|0x00000007ca300000, 0x00000007ca300000, 0x00000007ca400000|  0%| F|  |TAMS 0x00000007ca300000, 0x00000007ca300000| Untracked 
| 164|0x00000007ca400000, 0x00000007ca400000, 0x00000007ca500000|  0%| F|  |TAMS 0x00000007ca400000, 0x00000007ca400000| Untracked 
| 165|0x00000007ca500000, 0x00000007ca500000, 0x00000007ca600000|  0%| F|  |TAMS 0x00000007ca500000, 0x00000007ca500000| Untracked 
| 166|0x00000007ca600000, 0x00000007ca600000, 0x00000007ca700000|  0%| F|  |TAMS 0x00000007ca600000, 0x00000007ca600000| Untracked 
| 167|0x00000007ca700000, 0x00000007ca700000, 0x00000007ca800000|  0%| F|  |TAMS 0x00000007ca700000, 0x00000007ca700000| Untracked 
| 168|0x00000007ca800000, 0x00000007ca800000, 0x00000007ca900000|  0%| F|  |TAMS 0x00000007ca800000, 0x00000007ca800000| Untracked 
| 169|0x00000007ca900000, 0x00000007ca900000, 0x00000007caa00000|  0%| F|  |TAMS 0x00000007ca900000, 0x00000007ca900000| Untracked 
| 170|0x00000007caa00000, 0x00000007caa00000, 0x00000007cab00000|  0%| F|  |TAMS 0x00000007caa00000, 0x00000007caa00000| Untracked 
| 171|0x00000007cab00000, 0x00000007cab00000, 0x00000007cac00000|  0%| F|  |TAMS 0x00000007cab00000, 0x00000007cab00000| Untracked 
| 172|0x00000007cac00000, 0x00000007cac00000, 0x00000007cad00000|  0%| F|  |TAMS 0x00000007cac00000, 0x00000007cac00000| Untracked 
| 173|0x00000007cad00000, 0x00000007cad00000, 0x00000007cae00000|  0%| F|  |TAMS 0x00000007cad00000, 0x00000007cad00000| Untracked 
| 174|0x00000007cae00000, 0x00000007cae00000, 0x00000007caf00000|  0%| F|  |TAMS 0x00000007cae00000, 0x00000007cae00000| Untracked 
| 175|0x00000007caf00000, 0x00000007caf00000, 0x00000007cb000000|  0%| F|  |TAMS 0x00000007caf00000, 0x00000007caf00000| Untracked 
| 176|0x00000007cb000000, 0x00000007cb000000, 0x00000007cb100000|  0%| F|  |TAMS 0x00000007cb000000, 0x00000007cb000000| Untracked 
| 177|0x00000007cb100000, 0x00000007cb100000, 0x00000007cb200000|  0%| F|  |TAMS 0x00000007cb100000, 0x00000007cb100000| Untracked 
| 178|0x00000007cb200000, 0x00000007cb200000, 0x00000007cb300000|  0%| F|  |TAMS 0x00000007cb200000, 0x00000007cb200000| Untracked 
| 179|0x00000007cb300000, 0x00000007cb300000, 0x00000007cb400000|  0%| F|  |TAMS 0x00000007cb300000, 0x00000007cb300000| Untracked 
| 180|0x00000007cb400000, 0x00000007cb400000, 0x00000007cb500000|  0%| F|  |TAMS 0x00000007cb400000, 0x00000007cb400000| Untracked 
| 181|0x00000007cb500000, 0x00000007cb500000, 0x00000007cb600000|  0%| F|  |TAMS 0x00000007cb500000, 0x00000007cb500000| Untracked 
| 182|0x00000007cb600000, 0x00000007cb600000, 0x00000007cb700000|  0%| F|  |TAMS 0x00000007cb600000, 0x00000007cb600000| Untracked 
| 183|0x00000007cb700000, 0x00000007cb700000, 0x00000007cb800000|  0%| F|  |TAMS 0x00000007cb700000, 0x00000007cb700000| Untracked 
| 184|0x00000007cb800000, 0x00000007cb800000, 0x00000007cb900000|  0%| F|  |TAMS 0x00000007cb800000, 0x00000007cb800000| Untracked 
| 185|0x00000007cb900000, 0x00000007cb900000, 0x00000007cba00000|  0%| F|  |TAMS 0x00000007cb900000, 0x00000007cb900000| Untracked 
| 186|0x00000007cba00000, 0x00000007cba00000, 0x00000007cbb00000|  0%| F|  |TAMS 0x00000007cba00000, 0x00000007cba00000| Untracked 
| 187|0x00000007cbb00000, 0x00000007cbb00000, 0x00000007cbc00000|  0%| F|  |TAMS 0x00000007cbb00000, 0x00000007cbb00000| Untracked 
| 188|0x00000007cbc00000, 0x00000007cbc00000, 0x00000007cbd00000|  0%| F|  |TAMS 0x00000007cbc00000, 0x00000007cbc00000| Untracked 
| 189|0x00000007cbd00000, 0x00000007cbd00000, 0x00000007cbe00000|  0%| F|  |TAMS 0x00000007cbd00000, 0x00000007cbd00000| Untracked 
| 190|0x00000007cbe00000, 0x00000007cbe00000, 0x00000007cbf00000|  0%| F|  |TAMS 0x00000007cbe00000, 0x00000007cbe00000| Untracked 
| 191|0x00000007cbf00000, 0x00000007cbf00000, 0x00000007cc000000|  0%| F|  |TAMS 0x00000007cbf00000, 0x00000007cbf00000| Untracked 
| 192|0x00000007cc000000, 0x00000007cc000000, 0x00000007cc100000|  0%| F|  |TAMS 0x00000007cc000000, 0x00000007cc000000| Untracked 
| 193|0x00000007cc100000, 0x00000007cc100000, 0x00000007cc200000|  0%| F|  |TAMS 0x00000007cc100000, 0x00000007cc100000| Untracked 
| 194|0x00000007cc200000, 0x00000007cc200000, 0x00000007cc300000|  0%| F|  |TAMS 0x00000007cc200000, 0x00000007cc200000| Untracked 
| 195|0x00000007cc300000, 0x00000007cc300000, 0x00000007cc400000|  0%| F|  |TAMS 0x00000007cc300000, 0x00000007cc300000| Untracked 
| 196|0x00000007cc400000, 0x00000007cc400000, 0x00000007cc500000|  0%| F|  |TAMS 0x00000007cc400000, 0x00000007cc400000| Untracked 
| 197|0x00000007cc500000, 0x00000007cc500000, 0x00000007cc600000|  0%| F|  |TAMS 0x00000007cc500000, 0x00000007cc500000| Untracked 
| 198|0x00000007cc600000, 0x00000007cc600000, 0x00000007cc700000|  0%| F|  |TAMS 0x00000007cc600000, 0x00000007cc600000| Untracked 
| 199|0x00000007cc700000, 0x00000007cc700000, 0x00000007cc800000|  0%| F|  |TAMS 0x00000007cc700000, 0x00000007cc700000| Untracked 
| 200|0x00000007cc800000, 0x00000007cc800000, 0x00000007cc900000|  0%| F|  |TAMS 0x00000007cc800000, 0x00000007cc800000| Untracked 
| 201|0x00000007cc900000, 0x00000007cc900000, 0x00000007cca00000|  0%| F|  |TAMS 0x00000007cc900000, 0x00000007cc900000| Untracked 
| 202|0x00000007cca00000, 0x00000007cca00000, 0x00000007ccb00000|  0%| F|  |TAMS 0x00000007cca00000, 0x00000007cca00000| Untracked 
| 203|0x00000007ccb00000, 0x00000007ccb00000, 0x00000007ccc00000|  0%| F|  |TAMS 0x00000007ccb00000, 0x00000007ccb00000| Untracked 
| 204|0x00000007ccc00000, 0x00000007ccc00000, 0x00000007ccd00000|  0%| F|  |TAMS 0x00000007ccc00000, 0x00000007ccc00000| Untracked 
| 205|0x00000007ccd00000, 0x00000007ccd00000, 0x00000007cce00000|  0%| F|  |TAMS 0x00000007ccd00000, 0x00000007ccd00000| Untracked 
| 206|0x00000007cce00000, 0x00000007cce00000, 0x00000007ccf00000|  0%| F|  |TAMS 0x00000007cce00000, 0x00000007cce00000| Untracked 
| 207|0x00000007ccf00000, 0x00000007ccf00000, 0x00000007cd000000|  0%| F|  |TAMS 0x00000007ccf00000, 0x00000007ccf00000| Untracked 
| 208|0x00000007cd000000, 0x00000007cd000000, 0x00000007cd100000|  0%| F|  |TAMS 0x00000007cd000000, 0x00000007cd000000| Untracked 
| 209|0x00000007cd100000, 0x00000007cd100000, 0x00000007cd200000|  0%| F|  |TAMS 0x00000007cd100000, 0x00000007cd100000| Untracked 
| 210|0x00000007cd200000, 0x00000007cd200000, 0x00000007cd300000|  0%| F|  |TAMS 0x00000007cd200000, 0x00000007cd200000| Untracked 
| 211|0x00000007cd300000, 0x00000007cd300000, 0x00000007cd400000|  0%| F|  |TAMS 0x00000007cd300000, 0x00000007cd300000| Untracked 
| 212|0x00000007cd400000, 0x00000007cd400000, 0x00000007cd500000|  0%| F|  |TAMS 0x00000007cd400000, 0x00000007cd400000| Untracked 
| 213|0x00000007cd500000, 0x00000007cd500000, 0x00000007cd600000|  0%| F|  |TAMS 0x00000007cd500000, 0x00000007cd500000| Untracked 
| 214|0x00000007cd600000, 0x00000007cd600000, 0x00000007cd700000|  0%| F|  |TAMS 0x00000007cd600000, 0x00000007cd600000| Untracked 
| 215|0x00000007cd700000, 0x00000007cd700000, 0x00000007cd800000|  0%| F|  |TAMS 0x00000007cd700000, 0x00000007cd700000| Untracked 
| 216|0x00000007cd800000, 0x00000007cd800000, 0x00000007cd900000|  0%| F|  |TAMS 0x00000007cd800000, 0x00000007cd800000| Untracked 
| 217|0x00000007cd900000, 0x00000007cd900000, 0x00000007cda00000|  0%| F|  |TAMS 0x00000007cd900000, 0x00000007cd900000| Untracked 
| 218|0x00000007cda00000, 0x00000007cda00000, 0x00000007cdb00000|  0%| F|  |TAMS 0x00000007cda00000, 0x00000007cda00000| Untracked 
| 219|0x00000007cdb00000, 0x00000007cdb00000, 0x00000007cdc00000|  0%| F|  |TAMS 0x00000007cdb00000, 0x00000007cdb00000| Untracked 
| 220|0x00000007cdc00000, 0x00000007cdc00000, 0x00000007cdd00000|  0%| F|  |TAMS 0x00000007cdc00000, 0x00000007cdc00000| Untracked 
| 221|0x00000007cdd00000, 0x00000007cdd00000, 0x00000007cde00000|  0%| F|  |TAMS 0x00000007cdd00000, 0x00000007cdd00000| Untracked 
| 222|0x00000007cde00000, 0x00000007cde00000, 0x00000007cdf00000|  0%| F|  |TAMS 0x00000007cde00000, 0x00000007cde00000| Untracked 
| 223|0x00000007cdf00000, 0x00000007cdf00000, 0x00000007ce000000|  0%| F|  |TAMS 0x00000007cdf00000, 0x00000007cdf00000| Untracked 
| 224|0x00000007ce000000, 0x00000007ce000000, 0x00000007ce100000|  0%| F|  |TAMS 0x00000007ce000000, 0x00000007ce000000| Untracked 
| 225|0x00000007ce100000, 0x00000007ce100000, 0x00000007ce200000|  0%| F|  |TAMS 0x00000007ce100000, 0x00000007ce100000| Untracked 
| 226|0x00000007ce200000, 0x00000007ce200000, 0x00000007ce300000|  0%| F|  |TAMS 0x00000007ce200000, 0x00000007ce200000| Untracked 
| 227|0x00000007ce300000, 0x00000007ce300000, 0x00000007ce400000|  0%| F|  |TAMS 0x00000007ce300000, 0x00000007ce300000| Untracked 
| 228|0x00000007ce400000, 0x00000007ce400000, 0x00000007ce500000|  0%| F|  |TAMS 0x00000007ce400000, 0x00000007ce400000| Untracked 
| 229|0x00000007ce500000, 0x00000007ce500000, 0x00000007ce600000|  0%| F|  |TAMS 0x00000007ce500000, 0x00000007ce500000| Untracked 
| 230|0x00000007ce600000, 0x00000007ce600000, 0x00000007ce700000|  0%| F|  |TAMS 0x00000007ce600000, 0x00000007ce600000| Untracked 
| 231|0x00000007ce700000, 0x00000007ce700000, 0x00000007ce800000|  0%| F|  |TAMS 0x00000007ce700000, 0x00000007ce700000| Untracked 
| 232|0x00000007ce800000, 0x00000007ce800000, 0x00000007ce900000|  0%| F|  |TAMS 0x00000007ce800000, 0x00000007ce800000| Untracked 
| 233|0x00000007ce900000, 0x00000007ce900000, 0x00000007cea00000|  0%| F|  |TAMS 0x00000007ce900000, 0x00000007ce900000| Untracked 
| 234|0x00000007cea00000, 0x00000007cea00000, 0x00000007ceb00000|  0%| F|  |TAMS 0x00000007cea00000, 0x00000007cea00000| Untracked 
| 235|0x00000007ceb00000, 0x00000007ceb00000, 0x00000007cec00000|  0%| F|  |TAMS 0x00000007ceb00000, 0x00000007ceb00000| Untracked 
| 236|0x00000007cec00000, 0x00000007cec00000, 0x00000007ced00000|  0%| F|  |TAMS 0x00000007cec00000, 0x00000007cec00000| Untracked 
| 237|0x00000007ced00000, 0x00000007ced00000, 0x00000007cee00000|  0%| F|  |TAMS 0x00000007ced00000, 0x00000007ced00000| Untracked 
| 238|0x00000007cee00000, 0x00000007cee00000, 0x00000007cef00000|  0%| F|  |TAMS 0x00000007cee00000, 0x00000007cee00000| Untracked 
| 239|0x00000007cef00000, 0x00000007cef00000, 0x00000007cf000000|  0%| F|  |TAMS 0x00000007cef00000, 0x00000007cef00000| Untracked 
| 240|0x00000007cf000000, 0x00000007cf000000, 0x00000007cf100000|  0%| F|  |TAMS 0x00000007cf000000, 0x00000007cf000000| Untracked 
| 241|0x00000007cf100000, 0x00000007cf100000, 0x00000007cf200000|  0%| F|  |TAMS 0x00000007cf100000, 0x00000007cf100000| Untracked 
| 242|0x00000007cf200000, 0x00000007cf200000, 0x00000007cf300000|  0%| F|  |TAMS 0x00000007cf200000, 0x00000007cf200000| Untracked 
| 243|0x00000007cf300000, 0x00000007cf300000, 0x00000007cf400000|  0%| F|  |TAMS 0x00000007cf300000, 0x00000007cf300000| Untracked 
| 244|0x00000007cf400000, 0x00000007cf400000, 0x00000007cf500000|  0%| F|  |TAMS 0x00000007cf400000, 0x00000007cf400000| Untracked 
| 245|0x00000007cf500000, 0x00000007cf500000, 0x00000007cf600000|  0%| F|  |TAMS 0x00000007cf500000, 0x00000007cf500000| Untracked 
| 246|0x00000007cf600000, 0x00000007cf600000, 0x00000007cf700000|  0%| F|  |TAMS 0x00000007cf600000, 0x00000007cf600000| Untracked 
| 247|0x00000007cf700000, 0x00000007cf700000, 0x00000007cf800000|  0%| F|  |TAMS 0x00000007cf700000, 0x00000007cf700000| Untracked 
| 248|0x00000007cf800000, 0x00000007cf800000, 0x00000007cf900000|  0%| F|  |TAMS 0x00000007cf800000, 0x00000007cf800000| Untracked 
| 249|0x00000007cf900000, 0x00000007cf900000, 0x00000007cfa00000|  0%| F|  |TAMS 0x00000007cf900000, 0x00000007cf900000| Untracked 
| 250|0x00000007cfa00000, 0x00000007cfa00000, 0x00000007cfb00000|  0%| F|  |TAMS 0x00000007cfa00000, 0x00000007cfa00000| Untracked 
| 251|0x00000007cfb00000, 0x00000007cfb00000, 0x00000007cfc00000|  0%| F|  |TAMS 0x00000007cfb00000, 0x00000007cfb00000| Untracked 
| 252|0x00000007cfc00000, 0x00000007cfc00000, 0x00000007cfd00000|  0%| F|  |TAMS 0x00000007cfc00000, 0x00000007cfc00000| Untracked 
| 253|0x00000007cfd00000, 0x00000007cfd00000, 0x00000007cfe00000|  0%| F|  |TAMS 0x00000007cfd00000, 0x00000007cfd00000| Untracked 
| 254|0x00000007cfe00000, 0x00000007cfe00000, 0x00000007cff00000|  0%| F|  |TAMS 0x00000007cfe00000, 0x00000007cfe00000| Untracked 
| 255|0x00000007cff00000, 0x00000007cff00000, 0x00000007d0000000|  0%| F|  |TAMS 0x00000007cff00000, 0x00000007cff00000| Untracked 
| 256|0x00000007d0000000, 0x00000007d0000000, 0x00000007d0100000|  0%| F|  |TAMS 0x00000007d0000000, 0x00000007d0000000| Untracked 
| 257|0x00000007d0100000, 0x00000007d0100000, 0x00000007d0200000|  0%| F|  |TAMS 0x00000007d0100000, 0x00000007d0100000| Untracked 
| 258|0x00000007d0200000, 0x00000007d0200000, 0x00000007d0300000|  0%| F|  |TAMS 0x00000007d0200000, 0x00000007d0200000| Untracked 
| 259|0x00000007d0300000, 0x00000007d0300000, 0x00000007d0400000|  0%| F|  |TAMS 0x00000007d0300000, 0x00000007d0300000| Untracked 
| 260|0x00000007d0400000, 0x00000007d0400000, 0x00000007d0500000|  0%| F|  |TAMS 0x00000007d0400000, 0x00000007d0400000| Untracked 
| 261|0x00000007d0500000, 0x00000007d0500000, 0x00000007d0600000|  0%| F|  |TAMS 0x00000007d0500000, 0x00000007d0500000| Untracked 
| 262|0x00000007d0600000, 0x00000007d0600000, 0x00000007d0700000|  0%| F|  |TAMS 0x00000007d0600000, 0x00000007d0600000| Untracked 
| 263|0x00000007d0700000, 0x00000007d0700000, 0x00000007d0800000|  0%| F|  |TAMS 0x00000007d0700000, 0x00000007d0700000| Untracked 
| 264|0x00000007d0800000, 0x00000007d0900000, 0x00000007d0900000|100%| E|  |TAMS 0x00000007d0800000, 0x00000007d0800000| Complete 
|1022|0x00000007ffe00000, 0x00000007ffe78000, 0x00000007fff00000| 46%|OA|  |TAMS 0x00000007ffe78000, 0x00000007ffe00000| Untracked 
|1023|0x00000007fff00000, 0x00000007fff78000, 0x0000000800000000| 46%|CA|  |TAMS 0x00000007fff78000, 0x00000007fff78000| Untracked 

Card table byte_map: [0x0000000151d00000,0x0000000151f00000] _byte_map_base: 0x000000014df00000

Marking Bits (Prev, Next): (CMBitMap*) 0x0000000122727a10, (CMBitMap*) 0x0000000122727a50
 Prev Bits: [0x0000000153800000, 0x0000000154800000)
 Next Bits: [0x000000015d494000, 0x000000015e494000)

Polling page: 0x00000001071f4000

Metaspace:

Usage:
  Non-class:      8.48 MB used.
      Class:      1.49 MB used.
       Both:      9.97 MB used.

Virtual space:
  Non-class space:       64.00 MB reserved,       8.62 MB ( 13%) committed,  1 nodes.
      Class space:        1.00 GB reserved,       1.62 MB ( <1%) committed,  1 nodes.
             Both:        1.06 GB reserved,      10.25 MB ( <1%) committed. 

Chunk freelists:
   Non-Class:  6.05 MB
       Class:  14.45 MB
        Both:  20.50 MB

MaxMetaspaceSize: unlimited
CompressedClassSpaceSize: 1.00 GB
Initial GC threshold: 21.00 MB
Current GC threshold: 21.00 MB
CDS: on
MetaspaceReclaimPolicy: balanced
 - commit_granule_bytes: 65536.
 - commit_granule_words: 8192.
 - virtual_space_node_default_size: 8388608.
 - enlarge_chunks_in_place: 1.
 - new_chunks_are_fully_committed: 0.
 - uncommit_free_chunks: 1.
 - use_allocation_guard: 0.
 - handle_deallocations: 1.


Internal statistics:

num_allocs_failed_limit: 0.
num_arena_births: 128.
num_arena_deaths: 18.
num_vsnodes_births: 2.
num_vsnodes_deaths: 0.
num_space_committed: 164.
num_space_uncommitted: 0.
num_chunks_returned_to_freelist: 19.
num_chunks_taken_from_freelist: 427.
num_chunk_merges: 3.
num_chunk_splits: 316.
num_chunks_enlarged: 263.
num_inconsistent_stats: 0.

CodeHeap 'non-profiled nmethods': size=120032Kb used=2759Kb max_used=2759Kb free=117272Kb
 bounds [0x0000000307ac8000, 0x0000000307d88000, 0x000000030f000000]
CodeHeap 'profiled nmethods': size=120016Kb used=4139Kb max_used=6930Kb free=115876Kb
 bounds [0x0000000300000000, 0x00000003006d0000, 0x0000000307534000]
CodeHeap 'non-nmethods': size=5712Kb used=1128Kb max_used=1424Kb free=4583Kb
 bounds [0x0000000307534000, 0x00000003077a4000, 0x0000000307ac8000]
 total_blobs=3346 nmethods=2927 adapters=335
 compilation: enabled
              stopped_count=0, restarted_count=0
 full_count=0

Compilation events (20 events):
Event: 14900.837 Thread 0x00000001227e6800 4050       4       scala.collection.IterableLike::zipWithIndex (38 bytes)
Event: 14900.841 Thread 0x00000001227e6800 nmethod 4050 0x0000000307b94290 code [0x0000000307b94540, 0x0000000307b94cf0]
Event: 14900.841 Thread 0x00000001227e6800 4051       4       scala.collection.AbstractTraversable::mkString (6 bytes)
Event: 14900.849 Thread 0x00000001227e6800 nmethod 4051 0x0000000307b3ce10 code [0x0000000307b3d140, 0x0000000307b3e270]
Event: 14900.850 Thread 0x00000001227e6800 4052       4       scala.collection.mutable.StringBuilder::<init> (46 bytes)
Event: 14900.851 Thread 0x00000001227e6800 nmethod 4052 0x0000000307b75590 code [0x0000000307b75700, 0x0000000307b75850]
Event: 14901.477 Thread 0x00000001227e6800 4053       4       scala.collection.TraversableOnce::addString (36 bytes)
Event: 14901.493 Thread 0x00000001227e6800 nmethod 4053 0x0000000307d80890 code [0x0000000307d80c80, 0x0000000307d82580]
Event: 14901.495 Thread 0x00000001227e6800 4054       4       scala.collection.AbstractIterable::zipWithIndex (6 bytes)
Event: 14901.500 Thread 0x00000001227e6800 nmethod 4054 0x0000000307b79910 code [0x0000000307b79bc0, 0x0000000307b7a370]
Event: 14929.200 Thread 0x00000001227e6e00 4055   !   3       java.lang.ref.ReferenceQueue::remove (125 bytes)
Event: 14929.203 Thread 0x00000001227e6e00 nmethod 4055 0x0000000300236690 code [0x0000000300236900, 0x0000000300237058]
Event: 15365.686 Thread 0x00000001227e6e00 4056 % !   3       org.jpype.ref.JPypeReferenceQueue$Worker::run @ 0 (120 bytes)
Event: 15365.690 Thread 0x00000001227e6e00 nmethod 4056% 0x0000000300028c90 code [0x0000000300028f40, 0x00000003000297f8]
Event: 15625.550 Thread 0x00000001227e6e00 4057   !   3       org.jpype.ref.JPypeReferenceQueue$Worker::run (120 bytes)
Event: 15625.557 Thread 0x00000001227e6e00 nmethod 4057 0x0000000300093a90 code [0x0000000300093d40, 0x0000000300094578]
Event: 16189.948 Thread 0x00000001227e6800 4058   !   4       java.lang.ref.ReferenceQueue::remove (125 bytes)
Event: 16189.972 Thread 0x00000001227e6800 nmethod 4058 0x0000000307c88910 code [0x0000000307c88b40, 0x0000000307c89580]
Event: 25761.800 Thread 0x00000001227e6800 4059 % !   4       org.jpype.ref.JPypeReferenceQueue$Worker::run @ 0 (120 bytes)
Event: 25761.850 Thread 0x00000001227e6800 nmethod 4059% 0x0000000307c85310 code [0x0000000307c85540, 0x0000000307c860e0]

GC Heap History (20 events):
Event: 14900.396 GC heap before
{Heap before GC invocations=56 (full 8):
 garbage-first heap   total 276480K, used 242599K [0x00000007c0000000, 0x0000000800000000)
  region size 1024K, 161 young (164864K), 1 survivors (1024K)
 Metaspace       used 10203K, committed 10496K, reserved 1114112K
  class space    used 1521K, committed 1664K, reserved 1048576K
}
Event: 14900.396 GC heap after
{Heap after GC invocations=57 (full 8):
 garbage-first heap   total 276480K, used 78755K [0x00000007c0000000, 0x0000000800000000)
  region size 1024K, 1 young (1024K), 1 survivors (1024K)
 Metaspace       used 10203K, committed 10496K, reserved 1114112K
  class space    used 1521K, committed 1664K, reserved 1048576K
}
Event: 14900.592 GC heap before
{Heap before GC invocations=57 (full 8):
 garbage-first heap   total 276480K, used 242595K [0x00000007c0000000, 0x0000000800000000)
  region size 1024K, 161 young (164864K), 1 survivors (1024K)
 Metaspace       used 10203K, committed 10496K, reserved 1114112K
  class space    used 1521K, committed 1664K, reserved 1048576K
}
Event: 14900.592 GC heap after
{Heap after GC invocations=58 (full 8):
 garbage-first heap   total 276480K, used 78763K [0x00000007c0000000, 0x0000000800000000)
  region size 1024K, 1 young (1024K), 1 survivors (1024K)
 Metaspace       used 10203K, committed 10496K, reserved 1114112K
  class space    used 1521K, committed 1664K, reserved 1048576K
}
Event: 14900.767 GC heap before
{Heap before GC invocations=58 (full 8):
 garbage-first heap   total 276480K, used 242603K [0x00000007c0000000, 0x0000000800000000)
  region size 1024K, 161 young (164864K), 1 survivors (1024K)
 Metaspace       used 10203K, committed 10496K, reserved 1114112K
  class space    used 1521K, committed 1664K, reserved 1048576K
}
Event: 14900.768 GC heap after
{Heap after GC invocations=59 (full 8):
 garbage-first heap   total 276480K, used 78761K [0x00000007c0000000, 0x0000000800000000)
  region size 1024K, 1 young (1024K), 1 survivors (1024K)
 Metaspace       used 10203K, committed 10496K, reserved 1114112K
  class space    used 1521K, committed 1664K, reserved 1048576K
}
Event: 14900.944 GC heap before
{Heap before GC invocations=59 (full 8):
 garbage-first heap   total 276480K, used 242601K [0x00000007c0000000, 0x0000000800000000)
  region size 1024K, 161 young (164864K), 1 survivors (1024K)
 Metaspace       used 10203K, committed 10496K, reserved 1114112K
  class space    used 1521K, committed 1664K, reserved 1048576K
}
Event: 14900.944 GC heap after
{Heap after GC invocations=60 (full 8):
 garbage-first heap   total 276480K, used 78761K [0x00000007c0000000, 0x0000000800000000)
  region size 1024K, 1 young (1024K), 1 survivors (1024K)
 Metaspace       used 10203K, committed 10496K, reserved 1114112K
  class space    used 1521K, committed 1664K, reserved 1048576K
}
Event: 14901.132 GC heap before
{Heap before GC invocations=60 (full 8):
 garbage-first heap   total 276480K, used 242601K [0x00000007c0000000, 0x0000000800000000)
  region size 1024K, 161 young (164864K), 1 survivors (1024K)
 Metaspace       used 10203K, committed 10496K, reserved 1114112K
  class space    used 1521K, committed 1664K, reserved 1048576K
}
Event: 14901.133 GC heap after
{Heap after GC invocations=61 (full 8):
 garbage-first heap   total 276480K, used 78762K [0x00000007c0000000, 0x0000000800000000)
  region size 1024K, 1 young (1024K), 1 survivors (1024K)
 Metaspace       used 10203K, committed 10496K, reserved 1114112K
  class space    used 1521K, committed 1664K, reserved 1048576K
}
Event: 14901.318 GC heap before
{Heap before GC invocations=61 (full 8):
 garbage-first heap   total 276480K, used 242602K [0x00000007c0000000, 0x0000000800000000)
  region size 1024K, 161 young (164864K), 1 survivors (1024K)
 Metaspace       used 10203K, committed 10496K, reserved 1114112K
  class space    used 1521K, committed 1664K, reserved 1048576K
}
Event: 14901.318 GC heap after
{Heap after GC invocations=62 (full 8):
 garbage-first heap   total 276480K, used 78762K [0x00000007c0000000, 0x0000000800000000)
  region size 1024K, 1 young (1024K), 1 survivors (1024K)
 Metaspace       used 10203K, committed 10496K, reserved 1114112K
  class space    used 1521K, committed 1664K, reserved 1048576K
}
Event: 14901.507 GC heap before
{Heap before GC invocations=62 (full 8):
 garbage-first heap   total 276480K, used 242602K [0x00000007c0000000, 0x0000000800000000)
  region size 1024K, 161 young (164864K), 1 survivors (1024K)
 Metaspace       used 10203K, committed 10496K, reserved 1114112K
  class space    used 1521K, committed 1664K, reserved 1048576K
}
Event: 14901.508 GC heap after
{Heap after GC invocations=63 (full 8):
 garbage-first heap   total 276480K, used 78763K [0x00000007c0000000, 0x0000000800000000)
  region size 1024K, 1 young (1024K), 1 survivors (1024K)
 Metaspace       used 10203K, committed 10496K, reserved 1114112K
  class space    used 1521K, committed 1664K, reserved 1048576K
}
Event: 15068.777 GC heap before
{Heap before GC invocations=63 (full 8):
 garbage-first heap   total 276480K, used 105387K [0x00000007c0000000, 0x0000000800000000)
  region size 1024K, 28 young (28672K), 1 survivors (1024K)
 Metaspace       used 10203K, committed 10496K, reserved 1114112K
  class space    used 1521K, committed 1664K, reserved 1048576K
}
Event: 15068.832 GC heap after
{Heap after GC invocations=64 (full 9):
 garbage-first heap   total 276480K, used 78740K [0x00000007c0000000, 0x0000000800000000)
  region size 1024K, 0 young (0K), 0 survivors (0K)
 Metaspace       used 10203K, committed 10496K, reserved 1114112K
  class space    used 1521K, committed 1664K, reserved 1048576K
}
Event: 15068.994 GC heap before
{Heap before GC invocations=64 (full 9):
 garbage-first heap   total 276480K, used 78740K [0x00000007c0000000, 0x0000000800000000)
  region size 1024K, 1 young (1024K), 0 survivors (0K)
 Metaspace       used 10203K, committed 10496K, reserved 1114112K
  class space    used 1521K, committed 1664K, reserved 1048576K
}
Event: 15069.013 GC heap after
{Heap after GC invocations=65 (full 10):
 garbage-first heap   total 276480K, used 78740K [0x00000007c0000000, 0x0000000800000000)
  region size 1024K, 0 young (0K), 0 survivors (0K)
 Metaspace       used 10203K, committed 10496K, reserved 1114112K
  class space    used 1521K, committed 1664K, reserved 1048576K
}
Event: 15069.688 GC heap before
{Heap before GC invocations=65 (full 10):
 garbage-first heap   total 276480K, used 78740K [0x00000007c0000000, 0x0000000800000000)
  region size 1024K, 1 young (1024K), 0 survivors (0K)
 Metaspace       used 10203K, committed 10496K, reserved 1114112K
  class space    used 1521K, committed 1664K, reserved 1048576K
}
Event: 15069.708 GC heap after
{Heap after GC invocations=66 (full 11):
 garbage-first heap   total 273408K, used 78740K [0x00000007c0000000, 0x0000000800000000)
  region size 1024K, 0 young (0K), 0 survivors (0K)
 Metaspace       used 10203K, committed 10496K, reserved 1114112K
  class space    used 1521K, committed 1664K, reserved 1048576K
}

Dll operation events (6 events):
Event: 0.061 Loaded shared library /Users/kyungduck/miniforge3/envs/nlp_env/lib/jvm/lib/libjava.dylib
Event: 0.164 Loaded shared library /Users/kyungduck/miniforge3/envs/nlp_env/lib/jvm/lib/libnio.dylib
Event: 0.191 Loaded shared library /Users/kyungduck/miniforge3/envs/nlp_env/lib/jvm/lib/libzip.dylib
Event: 0.221 Loaded shared library /Users/kyungduck/miniforge3/envs/nlp_env/lib/python3.12/site-packages/_jpype.so
Event: 0.240 Loaded shared library /Users/kyungduck/miniforge3/envs/nlp_env/lib/jvm/lib/libjimage.dylib
Event: 0.709 Loaded shared library /Users/kyungduck/miniforge3/envs/nlp_env/lib/jvm/lib/libverify.dylib

Deoptimization events (20 events):
Event: 14898.602 Thread 0x00000001226fe000 DEOPT PACKING pc=0x0000000307cd0a60 sp=0x000000016b818550
Event: 14898.602 Thread 0x00000001226fe000 DEOPT UNPACKING pc=0x000000030757b91c sp=0x000000016b8183d0 mode 2
Event: 14898.602 Thread 0x00000001226fe000 Uncommon trap: trap_request=0xffffffde fr.pc=0x0000000307c166b0 relative=0x00000000000000b0
Event: 14898.602 Thread 0x00000001226fe000 Uncommon trap: reason=class_check action=maybe_recompile pc=0x0000000307c166b0 method=scala.collection.immutable.List.$plus$plus(Lscala/collection/GenTraversableOnce;Lscala/collection/generic/CanBuildFrom;)Ljava/lang/Object; @ 11 c2
Event: 14898.602 Thread 0x00000001226fe000 DEOPT PACKING pc=0x0000000307c166b0 sp=0x000000016b818520
Event: 14898.602 Thread 0x00000001226fe000 DEOPT UNPACKING pc=0x000000030757b91c sp=0x000000016b8184a0 mode 2
Event: 14898.602 Thread 0x00000001226fe000 Uncommon trap: trap_request=0xffffffde fr.pc=0x0000000307cd0a60 relative=0x00000000000040a0
Event: 14898.602 Thread 0x00000001226fe000 Uncommon trap: reason=class_check action=maybe_recompile pc=0x0000000307cd0a60 method=org.openkoreantext.processor.tokenizer.KoreanTokenizer$.$anonfun$findTopCandidates$2(Lorg/openkoreantext/processor/tokenizer/KoreanTokenizer$;Lorg/openkoreantext/process
Event: 14898.602 Thread 0x00000001226fe000 DEOPT PACKING pc=0x0000000307cd0a60 sp=0x000000016b818550
Event: 14898.602 Thread 0x00000001226fe000 DEOPT UNPACKING pc=0x000000030757b91c sp=0x000000016b8183d0 mode 2
Event: 14899.399 Thread 0x00000001226fe000 Uncommon trap: trap_request=0xffffffde fr.pc=0x0000000307c166b0 relative=0x00000000000000b0
Event: 14899.399 Thread 0x00000001226fe000 Uncommon trap: reason=class_check action=maybe_recompile pc=0x0000000307c166b0 method=scala.collection.immutable.List.$plus$plus(Lscala/collection/GenTraversableOnce;Lscala/collection/generic/CanBuildFrom;)Ljava/lang/Object; @ 11 c2
Event: 14899.399 Thread 0x00000001226fe000 DEOPT PACKING pc=0x0000000307c166b0 sp=0x000000016b818520
Event: 14899.399 Thread 0x00000001226fe000 DEOPT UNPACKING pc=0x000000030757b91c sp=0x000000016b8184a0 mode 2
Event: 14899.399 Thread 0x00000001226fe000 Uncommon trap: trap_request=0xffffffde fr.pc=0x0000000307cd0a60 relative=0x00000000000040a0
Event: 14899.399 Thread 0x00000001226fe000 Uncommon trap: reason=class_check action=maybe_recompile pc=0x0000000307cd0a60 method=org.openkoreantext.processor.tokenizer.KoreanTokenizer$.$anonfun$findTopCandidates$2(Lorg/openkoreantext/processor/tokenizer/KoreanTokenizer$;Lorg/openkoreantext/process
Event: 14899.399 Thread 0x00000001226fe000 DEOPT PACKING pc=0x0000000307cd0a60 sp=0x000000016b818550
Event: 14899.399 Thread 0x00000001226fe000 DEOPT UNPACKING pc=0x000000030757b91c sp=0x000000016b8183d0 mode 2
Event: 27843.580 Thread 0x000000010608b800 DEOPT PACKING pc=0x00000003000295d4 sp=0x000000017600a970
Event: 27843.602 Thread 0x000000010608b800 DEOPT UNPACKING pc=0x000000030757b77c sp=0x000000017600a640 mode 0

Classes loaded (20 events):
Event: 1.416 Loading class java/lang/invoke/DirectMethodHandle$EnsureInitialized
Event: 1.416 Loading class java/lang/invoke/DirectMethodHandle$EnsureInitialized done
Event: 1.416 Loading class java/lang/invoke/DirectMethodHandle$1
Event: 1.416 Loading class java/lang/invoke/DirectMethodHandle$1 done
Event: 1.417 Loading class java/util/concurrent/locks/ReentrantReadWriteLock$NonfairSync
Event: 1.417 Loading class java/util/concurrent/locks/ReentrantReadWriteLock$NonfairSync done
Event: 1.768 Loading class java/lang/SafeVarargs
Event: 1.769 Loading class java/lang/SafeVarargs done
Event: 1.770 Loading class java/util/AbstractList$Itr
Event: 1.770 Loading class java/util/AbstractList$Itr done
Event: 1.770 Loading class java/util/AbstractList$ListItr
Event: 1.770 Loading class java/util/AbstractList$ListItr done
Event: 1.770 Loading class java/util/AbstractList$RandomAccessSubList
Event: 1.770 Loading class java/util/AbstractList$SubList
Event: 1.770 Loading class java/util/AbstractList$SubList done
Event: 1.770 Loading class java/util/AbstractList$RandomAccessSubList done
Event: 1.770 Loading class java/util/ArrayList$ListItr
Event: 1.771 Loading class java/util/ArrayList$ListItr done
Event: 34609.699 Loading class jdk/internal/misc/Signal$1
Event: 34609.709 Loading class jdk/internal/misc/Signal$1 done

Classes unloaded (9 events):
Event: 14898.408 Thread 0x000000014b8d7b00 Unloading class 0x000000a00118c000 'jdk/internal/reflect/GeneratedMethodAccessor2'
Event: 14898.408 Thread 0x000000014b8d7b00 Unloading class 0x000000a001161400 'java/lang/invoke/LambdaForm$MH+0x000000a001161400'
Event: 14898.408 Thread 0x000000014b8d7b00 Unloading class 0x000000a001160400 'java/lang/invoke/LambdaForm$DMH+0x000000a001160400'
Event: 14898.408 Thread 0x000000014b8d7b00 Unloading class 0x000000a00100b000 'java/lang/invoke/LambdaForm$MH+0x000000a00100b000'
Event: 14898.408 Thread 0x000000014b8d7b00 Unloading class 0x000000a00100a800 'java/lang/invoke/LambdaForm$MH+0x000000a00100a800'
Event: 14898.408 Thread 0x000000014b8d7b00 Unloading class 0x000000a00100a400 'java/lang/invoke/LambdaForm$MH+0x000000a00100a400'
Event: 14898.408 Thread 0x000000014b8d7b00 Unloading class 0x000000a001009c00 'java/lang/invoke/LambdaForm$MH+0x000000a001009c00'
Event: 14898.408 Thread 0x000000014b8d7b00 Unloading class 0x000000a001009800 'java/lang/invoke/LambdaForm$MH+0x000000a001009800'
Event: 14898.408 Thread 0x000000014b8d7b00 Unloading class 0x000000a001009000 'java/lang/invoke/LambdaForm$MH+0x000000a001009000'

Classes redefined (0 events):
No events

Internal exceptions (20 events):
Event: 0.588 Thread 0x00000001226fe000 Exception <a 'java/lang/NoSuchMethodError'{0x00000007c14d9290}: 'java.lang.Object java.lang.invoke.Invokers$Holder.invokeExact_MT(java.lang.Object, java.lang.Object, java.lang.Object, java.lang.Object, java.lang.Object, java.lang.Object)'> (0x00000007c14d9290) 
thrown [src/hotspot/share/interpreter/linkResolver.cpp, line 759]
Event: 0.668 Thread 0x00000001226fe000 Exception <a 'java/lang/NoSuchMethodError'{0x00000007c1551e48}: 'java.lang.Object java.lang.invoke.DirectMethodHandle$Holder.invokeStaticInit(java.lang.Object, java.lang.Object, java.lang.Object)'> (0x00000007c1551e48) 
thrown [src/hotspot/share/interpreter/linkResolver.cpp, line 759]
Event: 0.723 Thread 0x00000001226fe000 Exception <a 'java/lang/NoSuchMethodError'{0x00000007c13ee2f0}: 'int java.lang.invoke.DirectMethodHandle$Holder.invokeStatic(java.lang.Object, java.lang.Object, int)'> (0x00000007c13ee2f0) 
thrown [src/hotspot/share/interpreter/linkResolver.cpp, line 759]
Event: 0.733 Thread 0x00000001226fe000 Exception <a 'java/lang/NoSuchMethodError'{0x00000007c12c0b38}: 'java.lang.Object java.lang.invoke.DirectMethodHandle$Holder.newInvokeSpecial(java.lang.Object, java.lang.Object, java.lang.Object, java.lang.Object, java.lang.Object)'> (0x00000007c12c0b38) 
thrown [src/hotspot/share/interpreter/linkResolver.cpp, line 759]
Event: 0.740 Thread 0x00000001226fe000 Exception <a 'java/lang/NoSuchMethodError'{0x00000007c18075d0}: 'java.lang.Object java.lang.invoke.DirectMethodHandle$Holder.invokeStatic(java.lang.Object, java.lang.Object, int, java.lang.Object, java.lang.Object)'> (0x00000007c18075d0) 
thrown [src/hotspot/share/interpreter/linkResolver.cpp, line 759]
Event: 0.741 Thread 0x00000001226fe000 Exception <a 'java/lang/NoSuchMethodError'{0x00000007c1811650}: 'java.lang.Object java.lang.invoke.DirectMethodHandle$Holder.newInvokeSpecial(java.lang.Object, java.lang.Object, int, java.lang.Object)'> (0x00000007c1811650) 
thrown [src/hotspot/share/interpreter/linkResolver.cpp, line 759]
Event: 0.741 Thread 0x00000001226fe000 Exception <a 'java/lang/NoSuchMethodError'{0x00000007c18154c8}: 'java.lang.Object java.lang.invoke.DirectMethodHandle$Holder.invokeSpecial(java.lang.Object, java.lang.Object, java.lang.Object, int, java.lang.Object)'> (0x00000007c18154c8) 
thrown [src/hotspot/share/interpreter/linkResolver.cpp, line 759]
Event: 0.756 Thread 0x00000001226fe000 Exception <a 'java/lang/NoSuchMethodError'{0x00000007c18c93e8}: 'java.lang.Object java.lang.invoke.DirectMethodHandle$Holder.invokeStaticInit(java.lang.Object, java.lang.Object, java.lang.Object, java.lang.Object)'> (0x00000007c18c93e8) 
thrown [src/hotspot/share/interpreter/linkResolver.cpp, line 759]
Event: 0.760 Thread 0x00000001226fe000 Exception <a 'java/lang/NoSuchMethodError'{0x00000007c174f1f0}: 'void java.lang.invoke.DirectMethodHandle$Holder.invokeStatic(java.lang.Object, java.lang.Object)'> (0x00000007c174f1f0) 
thrown [src/hotspot/share/interpreter/linkResolver.cpp, line 759]
Event: 0.894 Thread 0x00000001226fe000 Exception <a 'java/lang/NoSuchMethodError'{0x00000007c2d72c08}: 'java.lang.Object java.lang.invoke.DirectMethodHandle$Holder.invokeStatic(java.lang.Object, java.lang.Object, int, java.lang.Object)'> (0x00000007c2d72c08) 
thrown [src/hotspot/share/interpreter/linkResolver.cpp, line 759]
Event: 0.895 Thread 0x00000001226fe000 Exception <a 'java/lang/NoSuchMethodError'{0x00000007c2d7b558}: 'java.lang.Object java.lang.invoke.DirectMethodHandle$Holder.newInvokeSpecial(java.lang.Object, java.lang.Object, int)'> (0x00000007c2d7b558) 
thrown [src/hotspot/share/interpreter/linkResolver.cpp, line 759]
Event: 0.897 Thread 0x00000001226fe000 Exception <a 'java/lang/NoSuchMethodError'{0x00000007c2da0db0}: 'java.lang.Object java.lang.invoke.DirectMethodHandle$Holder.invokeStatic(java.lang.Object, int, java.lang.Object)'> (0x00000007c2da0db0) 
thrown [src/hotspot/share/interpreter/linkResolver.cpp, line 759]
Event: 1.319 Thread 0x00000001226fe000 Exception <a 'java/lang/NoSuchMethodError'{0x00000007cedfbc08}: 'java.lang.Object java.lang.invoke.DirectMethodHandle$Holder.newInvokeSpecial(java.lang.Object, java.lang.Object, java.lang.Object, java.lang.Object, java.lang.Object, int)'> (0x00000007cedfbc08) 
thrown [src/hotspot/share/interpreter/linkResolver.cpp, line 759]
Event: 1.319 Thread 0x00000001226fe000 Exception <a 'java/lang/NoSuchMethodError'{0x00000007cec80688}: 'java.lang.Object java.lang.invoke.DirectMethodHandle$Holder.invokeSpecial(java.lang.Object, java.lang.Object, java.lang.Object, java.lang.Object, java.lang.Object, java.lang.Object, int)'> (0x00000007cec80688) 
thrown [src/hotspot/share/interpreter/linkResolver.cpp, line 759]
Event: 1.334 Thread 0x00000001226fe000 Exception <a 'java/lang/NoSuchMethodError'{0x00000007ceb397e8}: 'java.lang.Object java.lang.invoke.DirectMethodHandle$Holder.newInvokeSpecial(java.lang.Object, java.lang.Object, java.lang.Object, java.lang.Object, int, java.lang.Object)'> (0x00000007ceb397e8) 
thrown [src/hotspot/share/interpreter/linkResolver.cpp, line 759]
Event: 1.334 Thread 0x00000001226fe000 Exception <a 'java/lang/NoSuchMethodError'{0x00000007ceb3dac0}: 'java.lang.Object java.lang.invoke.DirectMethodHandle$Holder.invokeSpecial(java.lang.Object, java.lang.Object, java.lang.Object, java.lang.Object, java.lang.Object, int, java.lang.Object)'> (0x00000007ceb3dac0) 
thrown [src/hotspot/share/interpreter/linkResolver.cpp, line 759]
Event: 1.415 Thread 0x00000001226fe000 Exception <a 'java/lang/NoSuchMethodError'{0x00000007cc70e430}: 'java.lang.Object java.lang.invoke.DirectMethodHandle$Holder.invokeStaticInit(java.lang.Object, java.lang.Object, java.lang.Object, java.lang.Object, java.lang.Object)'> (0x00000007cc70e430) 
thrown [src/hotspot/share/interpreter/linkResolver.cpp, line 759]
Event: 1.416 Thread 0x00000001226fe000 Exception <a 'java/lang/NoSuchMethodError'{0x00000007cc7156a8}: 'java.lang.Object java.lang.invoke.Invokers$Holder.invoke_MT(java.lang.Object, java.lang.Object, java.lang.Object, java.lang.Object, java.lang.Object, java.lang.Object)'> (0x00000007cc7156a8) 
thrown [src/hotspot/share/interpreter/linkResolver.cpp, line 759]
Event: 1.416 Thread 0x00000001226fe000 Exception <a 'java/lang/NoSuchMethodError'{0x00000007cc71e458}: 'java.lang.Object java.lang.invoke.Invokers$Holder.invoker(java.lang.Object, java.lang.Object, java.lang.Object)'> (0x00000007cc71e458) 
thrown [src/hotspot/share/interpreter/linkResolver.cpp, line 759]
Event: 1.416 Thread 0x00000001226fe000 Exception <a 'java/lang/NoSuchMethodError'{0x00000007cc727278}: 'java.lang.Object java.lang.invoke.Invokers$Holder.invokeExact_MT(java.lang.Object, java.lang.Object, java.lang.Object, java.lang.Object)'> (0x00000007cc727278) 
thrown [src/hotspot/share/interpreter/linkResolver.cpp, line 759]

VM Operations (20 events):
Event: 14900.396 Executing VM operation: G1CollectForAllocation
Event: 14900.396 Executing VM operation: G1CollectForAllocation done
Event: 14900.592 Executing VM operation: G1CollectForAllocation
Event: 14900.592 Executing VM operation: G1CollectForAllocation done
Event: 14900.767 Executing VM operation: G1CollectForAllocation
Event: 14900.768 Executing VM operation: G1CollectForAllocation done
Event: 14900.944 Executing VM operation: G1CollectForAllocation
Event: 14900.944 Executing VM operation: G1CollectForAllocation done
Event: 14901.132 Executing VM operation: G1CollectForAllocation
Event: 14901.133 Executing VM operation: G1CollectForAllocation done
Event: 14901.318 Executing VM operation: G1CollectForAllocation
Event: 14901.318 Executing VM operation: G1CollectForAllocation done
Event: 14901.507 Executing VM operation: G1CollectForAllocation
Event: 14901.508 Executing VM operation: G1CollectForAllocation done
Event: 15068.775 Executing VM operation: G1CollectFull
Event: 15068.832 Executing VM operation: G1CollectFull done
Event: 15068.994 Executing VM operation: G1CollectFull
Event: 15069.013 Executing VM operation: G1CollectFull done
Event: 15069.688 Executing VM operation: G1CollectFull
Event: 15069.708 Executing VM operation: G1CollectFull done

Memory protections (14 events):
Event: 0.036 Protecting memory [0x000000016a81c000,0x000000016a828000] with protection modes 0
Event: 0.104 Protecting memory [0x0000000174784000,0x0000000174790000] with protection modes 0
Event: 0.104 Protecting memory [0x0000000174990000,0x000000017499c000] with protection modes 0
Event: 0.111 Protecting memory [0x0000000174b9c000,0x0000000174ba8000] with protection modes 0
Event: 0.111 Protecting memory [0x0000000174da8000,0x0000000174db4000] with protection modes 0
Event: 0.111 Protecting memory [0x0000000174fb4000,0x0000000174fc0000] with protection modes 0
Event: 0.111 Protecting memory [0x00000001751c0000,0x00000001751cc000] with protection modes 0
Event: 0.112 Protecting memory [0x00000001753cc000,0x00000001753d8000] with protection modes 0
Event: 0.112 Protecting memory [0x00000001755d8000,0x00000001755e4000] with protection modes 0
Event: 0.114 Protecting memory [0x00000001757e4000,0x00000001757f0000] with protection modes 0
Event: 0.117 Protecting memory [0x0000000175bfc000,0x0000000175c08000] with protection modes 0
Event: 0.230 Protecting memory [0x00000001071fc000,0x0000000107200000] with protection modes 1
Event: 0.236 Protecting memory [0x0000000175e08000,0x0000000175e14000] with protection modes 0
Event: 34609.727 Protecting memory [0x000000031f104000,0x000000031f110000] with protection modes 0

Nmethod flushes (20 events):
Event: 5.420 Thread 0x00000001227e7400 flushing  nmethod 0x0000000300638b90
Event: 5.420 Thread 0x00000001227e7400 flushing  nmethod 0x0000000300639890
Event: 5.420 Thread 0x00000001227e7400 flushing  nmethod 0x000000030063a190
Event: 5.420 Thread 0x00000001227e7400 flushing  nmethod 0x000000030063a690
Event: 5.420 Thread 0x00000001227e7400 flushing  nmethod 0x000000030063b410
Event: 5.420 Thread 0x00000001227e7400 flushing  nmethod 0x000000030063d910
Event: 5.420 Thread 0x00000001227e7400 flushing  nmethod 0x0000000300641490
Event: 5.420 Thread 0x00000001227e7400 flushing  nmethod 0x0000000300648190
Event: 5.420 Thread 0x00000001227e7400 flushing  nmethod 0x000000030064a590
Event: 5.420 Thread 0x00000001227e7400 flushing  nmethod 0x0000000300650010
Event: 5.420 Thread 0x00000001227e7400 flushing  nmethod 0x0000000300650a10
Event: 5.420 Thread 0x00000001227e7400 flushing  nmethod 0x0000000300651290
Event: 5.420 Thread 0x00000001227e7400 flushing  nmethod 0x0000000300652b10
Event: 5.420 Thread 0x00000001227e7400 flushing  nmethod 0x0000000300653110
Event: 5.420 Thread 0x00000001227e7400 flushing  nmethod 0x000000030065a910
Event: 5.420 Thread 0x00000001227e7400 flushing  nmethod 0x0000000300664510
Event: 5.420 Thread 0x00000001227e7400 flushing  nmethod 0x00000003006aa290
Event: 5.420 Thread 0x00000001227e7400 flushing  nmethod 0x00000003006b0290
Event: 5.420 Thread 0x00000001227e7400 flushing  nmethod 0x00000003006b0690
Event: 5.420 Thread 0x00000001227e7400 flushing  nmethod 0x00000003006b1110

Events (13 events):
Event: 0.101 Thread 0x00000001226fe000 Thread added: 0x00000001226fe000
Event: 0.104 Thread 0x00000001226fe000 Thread added: 0x00000001227e5c00
Event: 0.104 Thread 0x00000001226fe000 Thread added: 0x00000001227e8400
Event: 0.111 Thread 0x00000001226fe000 Thread added: 0x00000001227e7e00
Event: 0.111 Thread 0x00000001226fe000 Thread added: 0x00000001227e9000
Event: 0.111 Thread 0x00000001226fe000 Thread added: 0x00000001227e6200
Event: 0.111 Thread 0x00000001226fe000 Thread added: 0x00000001227e6800
Event: 0.112 Thread 0x00000001226fe000 Thread added: 0x00000001227e6e00
Event: 0.112 Thread 0x00000001226fe000 Thread added: 0x00000001227e7400
Event: 0.114 Thread 0x00000001226fe000 Thread added: 0x00000001227eb600
Event: 0.117 Thread 0x00000001226fe000 Thread added: 0x000000015200fa00
Event: 0.236 Thread 0x00000001226fe000 Thread added: 0x000000010608b800
Event: 34609.727 Thread 0x00000001227e7e00 Thread added: 0x00000001523be400


Dynamic libraries:
0x000000019d304000 	/usr/lib/libSystem.B.dylib
0x000000019d2fe000 	/usr/lib/system/libcache.dylib
0x000000019d2b9000 	/usr/lib/system/libcommonCrypto.dylib
0x000000019d2e4000 	/usr/lib/system/libcompiler_rt.dylib
0x000000019d2d9000 	/usr/lib/system/libcopyfile.dylib
0x000000018d1f9000 	/usr/lib/system/libcorecrypto.dylib
0x000000018d2f9000 	/usr/lib/system/libdispatch.dylib
0x000000018d0a3000 	/usr/lib/system/libdyld.dylib
0x000000019d2f4000 	/usr/lib/system/libkeymgr.dylib
0x000000019d29c000 	/usr/lib/system/libmacho.dylib
0x000000019c533000 	/usr/lib/system/libquarantine.dylib
0x000000019d2f1000 	/usr/lib/system/libremovefile.dylib
0x0000000193c61000 	/usr/lib/system/libsystem_asl.dylib
0x000000018d17f000 	/usr/lib/system/libsystem_blocks.dylib
0x000000018d344000 	/usr/lib/system/libsystem_c.dylib
0x000000019d2e8000 	/usr/lib/system/libsystem_collections.dylib
0x000000019aed4000 	/usr/lib/system/libsystem_configuration.dylib
0x0000000199ac3000 	/usr/lib/system/libsystem_containermanager.dylib
0x000000019ccd2000 	/usr/lib/system/libsystem_coreservices.dylib
0x000000019148c000 	/usr/lib/system/libsystem_darwin.dylib
0x00000002921dd000 	/usr/lib/system/libsystem_darwindirectory.dylib
0x000000019d2f5000 	/usr/lib/system/libsystem_dnssd.dylib
0x00000002921e1000 	/usr/lib/system/libsystem_eligibility.dylib
0x000000018d341000 	/usr/lib/system/libsystem_featureflags.dylib
0x000000018d4c5000 	/usr/lib/system/libsystem_info.dylib
0x000000019d25d000 	/usr/lib/system/libsystem_m.dylib
0x000000018d2a8000 	/usr/lib/system/libsystem_malloc.dylib
0x0000000193bc4000 	/usr/lib/system/libsystem_networkextension.dylib
0x00000001918f7000 	/usr/lib/system/libsystem_notify.dylib
0x000000019aed9000 	/usr/lib/system/libsystem_sandbox.dylib
0x00000002921eb000 	/usr/lib/system/libsystem_sanitizers.dylib
0x000000019d2ed000 	/usr/lib/system/libsystem_secinit.dylib
0x000000018d471000 	/usr/lib/system/libsystem_kernel.dylib
0x000000018d4bc000 	/usr/lib/system/libsystem_platform.dylib
0x000000018d4af000 	/usr/lib/system/libsystem_pthread.dylib
0x000000019581f000 	/usr/lib/system/libsystem_symptoms.dylib
0x000000018d1d8000 	/usr/lib/system/libsystem_trace.dylib
0x00000002921f3000 	/usr/lib/system/libsystem_trial.dylib
0x000000019d2c7000 	/usr/lib/system/libunwind.dylib
0x000000018d183000 	/usr/lib/system/libxpc.dylib
0x000000018d050000 	/usr/lib/libobjc.A.dylib
0x000000018d456000 	/usr/lib/libc++abi.dylib
0x00000002905c0000 	/usr/lib/libRosetta.dylib
0x000000018d3c5000 	/usr/lib/libc++.1.dylib
0x0000000104db8000 	/Users/kyungduck/miniforge3/envs/nlp_env/lib/python3.12/lib-dynload/math.cpython-312-darwin.so
0x0000000104dd0000 	/Users/kyungduck/miniforge3/envs/nlp_env/lib/python3.12/lib-dynload/_json.cpython-312-darwin.so
0x0000000104de4000 	/Users/kyungduck/miniforge3/envs/nlp_env/lib/python3.12/lib-dynload/fcntl.cpython-312-darwin.so
0x0000000104df4000 	/Users/kyungduck/miniforge3/envs/nlp_env/lib/python3.12/lib-dynload/_posixsubprocess.cpython-312-darwin.so
0x0000000104e04000 	/Users/kyungduck/miniforge3/envs/nlp_env/lib/python3.12/lib-dynload/select.cpython-312-darwin.so
0x0000000104e18000 	/Users/kyungduck/miniforge3/envs/nlp_env/lib/python3.12/site-packages/zmq/backend/cython/_zmq.abi3.so
0x0000000105600000 	/Users/kyungduck/miniforge3/envs/nlp_env/lib/python3.12/site-packages/zmq/.dylibs/libzmq.5.dylib
0x00000001070cc000 	/Users/kyungduck/miniforge3/envs/nlp_env/lib/python3.12/site-packages/zmq/.dylibs/libsodium.26.dylib
0x0000000104e50000 	/Users/kyungduck/miniforge3/envs/nlp_env/lib/python3.12/lib-dynload/_opcode.cpython-312-darwin.so
0x0000000104e60000 	/Users/kyungduck/miniforge3/envs/nlp_env/lib/python3.12/lib-dynload/_struct.cpython-312-darwin.so
0x00000001057c8000 	/Users/kyungduck/miniforge3/envs/nlp_env/lib/python3.12/lib-dynload/_pickle.cpython-312-darwin.so
0x0000000104edc000 	/Users/kyungduck/miniforge3/envs/nlp_env/lib/python3.12/lib-dynload/_bisect.cpython-312-darwin.so
0x0000000104eec000 	/Users/kyungduck/miniforge3/envs/nlp_env/lib/python3.12/lib-dynload/_random.cpython-312-darwin.so
0x00000001057a0000 	/Users/kyungduck/miniforge3/envs/nlp_env/lib/python3.12/lib-dynload/_sha2.cpython-312-darwin.so
0x00000001057b4000 	/Users/kyungduck/miniforge3/envs/nlp_env/lib/python3.12/lib-dynload/_heapq.cpython-312-darwin.so
0x0000000107020000 	/Users/kyungduck/miniforge3/envs/nlp_env/lib/python3.12/lib-dynload/_socket.cpython-312-darwin.so
0x0000000107000000 	/Users/kyungduck/miniforge3/envs/nlp_env/lib/python3.12/lib-dynload/array.cpython-312-darwin.so
0x0000000107074000 	/Users/kyungduck/miniforge3/envs/nlp_env/lib/python3.12/lib-dynload/_ssl.cpython-312-darwin.so
0x00000001075ec000 	/Users/kyungduck/miniforge3/envs/nlp_env/lib/libssl.3.dylib
0x0000000110000000 	/Users/kyungduck/miniforge3/envs/nlp_env/lib/libcrypto.3.dylib
0x0000000107040000 	/Users/kyungduck/miniforge3/envs/nlp_env/lib/python3.12/lib-dynload/binascii.cpython-312-darwin.so
0x00000001070a8000 	/Users/kyungduck/miniforge3/envs/nlp_env/lib/libz.1.3.2.dylib
0x00000001057f0000 	/Users/kyungduck/miniforge3/envs/nlp_env/lib/python3.12/lib-dynload/_contextvars.cpython-312-darwin.so
0x0000000107134000 	/Users/kyungduck/miniforge3/envs/nlp_env/lib/python3.12/lib-dynload/_asyncio.cpython-312-darwin.so
0x0000000107054000 	/Users/kyungduck/miniforge3/envs/nlp_env/lib/python3.12/lib-dynload/_queue.cpython-312-darwin.so
0x0000000107150000 	/Users/kyungduck/miniforge3/envs/nlp_env/lib/python3.12/lib-dynload/_hashlib.cpython-312-darwin.so
0x0000000107164000 	/Users/kyungduck/miniforge3/envs/nlp_env/lib/python3.12/lib-dynload/_blake2.cpython-312-darwin.so
0x000000010719c000 	/Users/kyungduck/miniforge3/envs/nlp_env/lib/python3.12/lib-dynload/_datetime.cpython-312-darwin.so
0x0000000107178000 	/Users/kyungduck/miniforge3/envs/nlp_env/lib/python3.12/lib-dynload/zlib.cpython-312-darwin.so
0x0000000107064000 	/Users/kyungduck/miniforge3/envs/nlp_env/lib/python3.12/site-packages/tornado/speedups.abi3.so
0x0000000107500000 	/Users/kyungduck/miniforge3/envs/nlp_env/lib/python3.12/lib-dynload/_curses.cpython-312-darwin.so
0x0000000107528000 	/Users/kyungduck/miniforge3/envs/nlp_env/lib/libncursesw.6.dylib
0x0000000107564000 	/Users/kyungduck/miniforge3/envs/nlp_env/lib/libtinfow.6.dylib
0x0000000107b28000 	/Users/kyungduck/miniforge3/envs/nlp_env/lib/python3.12/lib-dynload/_decimal.cpython-312-darwin.so
0x000000010718c000 	/Users/kyungduck/miniforge3/envs/nlp_env/lib/python3.12/lib-dynload/termios.cpython-312-darwin.so
0x00000001071c0000 	/Users/kyungduck/miniforge3/envs/nlp_env/lib/python3.12/lib-dynload/_bz2.cpython-312-darwin.so
0x00000001075a0000 	/Users/kyungduck/miniforge3/envs/nlp_env/lib/libbz2.1.0.8.dylib
0x00000001071d0000 	/Users/kyungduck/miniforge3/envs/nlp_env/lib/python3.12/lib-dynload/_lzma.cpython-312-darwin.so
0x0000000107b78000 	/Users/kyungduck/miniforge3/envs/nlp_env/lib/liblzma.5.dylib
0x00000001071e4000 	/Users/kyungduck/miniforge3/envs/nlp_env/lib/python3.12/lib-dynload/_uuid.cpython-312-darwin.so
0x00000001075bc000 	/Users/kyungduck/miniforge3/envs/nlp_env/lib/python3.12/lib-dynload/_csv.cpython-312-darwin.so
0x0000000107afc000 	/Users/kyungduck/miniforge3/envs/nlp_env/lib/python3.12/lib-dynload/_sqlite3.cpython-312-darwin.so
0x0000000110984000 	/Users/kyungduck/miniforge3/envs/nlp_env/lib/libsqlite3.3.53.3.dylib
0x0000000110e54000 	/Users/kyungduck/miniforge3/envs/nlp_env/lib/python3.12/lib-dynload/unicodedata.cpython-312-darwin.so
0x0000000107ad8000 	/Users/kyungduck/miniforge3/envs/nlp_env/lib/python3.12/lib-dynload/pyexpat.cpython-312-darwin.so
0x00000001108d4000 	/Users/kyungduck/miniforge3/envs/nlp_env/lib/libexpat.1.12.1.dylib
0x00000001075d0000 	/Users/kyungduck/miniforge3/envs/nlp_env/lib/python3.12/lib-dynload/_scproxy.cpython-312-darwin.so
0x000000018d4f5000 	/System/Library/Frameworks/CoreFoundation.framework/Versions/A/CoreFoundation
0x00000001a0b74000 	/usr/lib/swift/libswiftCore.dylib
0x000000018ed62000 	/System/Library/Frameworks/Foundation.framework/Versions/C/Foundation
0x00000001aa715000 	/usr/lib/swift/libswiftObjectiveC.dylib
0x0000000291a46000 	/usr/lib/libswiftPrespecialized.dylib
0x000000018e9d1000 	/System/Library/Frameworks/SystemConfiguration.framework/Versions/A/SystemConfiguration
0x000000019d24e000 	/usr/lib/libz.1.dylib
0x0000000197d41000 	/System/Library/PrivateFrameworks/CoreAutoLayout.framework/Versions/A/CoreAutoLayout
0x000000019d306000 	/usr/lib/libfakelink.dylib
0x000000019d52c000 	/usr/lib/libcompression.dylib
0x000000019380e000 	/System/Library/Frameworks/CFNetwork.framework/Versions/A/CFNetwork
0x0000000197171000 	/System/Library/Frameworks/DiskArbitration.framework/Versions/A/DiskArbitration
0x000000019d359000 	/usr/lib/libarchive.2.dylib
0x0000000197076000 	/usr/lib/libDiagnosticMessagesClient.dylib
0x00000001911b6000 	/usr/lib/libicucore.A.dylib
0x0000000197d8a000 	/usr/lib/libxml2.2.dylib
0x00000001a59d1000 	/System/Library/Frameworks/CoreServices.framework/Versions/A/CoreServices
0x000000019aee7000 	/usr/lib/liblangid.dylib
0x000000019180e000 	/System/Library/Frameworks/IOKit.framework/Versions/A/IOKit
0x00000001a366b000 	/System/Library/Frameworks/Combine.framework/Versions/A/Combine
0x0000000245dc5000 	/System/Library/PrivateFrameworks/CollectionsInternal.framework/Versions/A/CollectionsInternal
0x0000000271cc4000 	/System/Library/PrivateFrameworks/ReflectionInternal.framework/Versions/A/ReflectionInternal
0x0000000272c17000 	/System/Library/PrivateFrameworks/RuntimeInternal.framework/Versions/A/RuntimeInternal
0x000000019d308000 	/System/Library/PrivateFrameworks/SoftLinking.framework/Versions/A/SoftLinking
0x00000001ba7ff000 	/usr/lib/swift/libswiftCoreFoundation.dylib
0x00000001b7695000 	/usr/lib/swift/libswiftDarwin.dylib
0x00000001a773d000 	/usr/lib/swift/libswiftDispatch.dylib
0x00000001ba860000 	/usr/lib/swift/libswiftIOKit.dylib
0x0000000291e89000 	/usr/lib/swift/libswiftSystem.dylib
0x00000001ba812000 	/usr/lib/swift/libswiftXPC.dylib
0x0000000291ebb000 	/usr/lib/swift/libswift_Builtin_float.dylib
0x0000000291ebc000 	/usr/lib/swift/libswift_Concurrency.dylib
0x0000000291f48000 	/usr/lib/swift/libswift_DarwinFoundation1.dylib
0x0000000291fec000 	/usr/lib/swift/libswift_StringProcessing.dylib
0x00000001aa719000 	/usr/lib/swift/libswiftos.dylib
0x000000019178e000 	/System/Library/PrivateFrameworks/CoreServicesInternal.framework/Versions/A/CoreServicesInternal
0x000000019d2d1000 	/usr/lib/liboah.dylib
0x0000000190d97000 	/System/Library/Frameworks/Security.framework/Versions/A/Security
0x00000001a9b49000 	/System/Library/PrivateFrameworks/DiskImages.framework/Versions/A/DiskImages
0x00000001b713a000 	/System/Library/Frameworks/NetFS.framework/Versions/A/NetFS
0x0000000197d06000 	/System/Library/Frameworks/CoreServices.framework/Versions/A/Frameworks/FSEvents.framework/Versions/A/FSEvents
0x0000000191496000 	/System/Library/Frameworks/CoreServices.framework/Versions/A/Frameworks/CarbonCore.framework/Versions/A/CarbonCore
0x00000001970e5000 	/System/Library/Frameworks/CoreServices.framework/Versions/A/Frameworks/Metadata.framework/Versions/A/Metadata
0x000000019ccd9000 	/System/Library/Frameworks/CoreServices.framework/Versions/A/Frameworks/OSServices.framework/Versions/A/OSServices
0x000000019d451000 	/System/Library/Frameworks/CoreServices.framework/Versions/A/Frameworks/SearchKit.framework/Versions/A/SearchKit
0x0000000195799000 	/System/Library/Frameworks/CoreServices.framework/Versions/A/Frameworks/AE.framework/Versions/A/AE
0x000000018da54000 	/System/Library/Frameworks/CoreServices.framework/Versions/A/Frameworks/LaunchServices.framework/Versions/A/LaunchServices
0x000000019e7d7000 	/System/Library/Frameworks/CoreServices.framework/Versions/A/Frameworks/DictionaryServices.framework/Versions/A/DictionaryServices
0x0000000197d13000 	/System/Library/Frameworks/CoreServices.framework/Versions/A/Frameworks/SharedFileList.framework/Versions/A/SharedFileList
0x000000019d4e4000 	/usr/lib/libapple_nghttp2.dylib
0x00000001953b0000 	/usr/lib/libsqlite3.dylib
0x00000001a9d8b000 	/System/Library/PrivateFrameworks/AppSupport.framework/Versions/A/AppSupport
0x0000000197046000 	/System/Library/PrivateFrameworks/CoreAnalytics.framework/Versions/A/CoreAnalytics
0x0000000194254000 	/System/Library/Frameworks/CoreGraphics.framework/Versions/A/CoreGraphics
0x00000001a18a6000 	/System/Library/Frameworks/GSS.framework/Versions/A/GSS
0x000000019572d000 	/System/Library/PrivateFrameworks/RunningBoardServices.framework/Versions/A/RunningBoardServices
0x00000001aa69d000 	/System/Library/PrivateFrameworks/StreamingZip.framework/Versions/A/StreamingZip
0x0000000193bdf000 	/usr/lib/libenergytrace.dylib
0x0000000195828000 	/System/Library/Frameworks/Network.framework/Versions/A/Network
0x000000019c55b000 	/usr/lib/libbsm.0.dylib
0x000000019d2a0000 	/usr/lib/system/libkxld.dylib
0x00000002413a5000 	/System/Library/PrivateFrameworks/AppleKeyStore.framework/Versions/A/AppleKeyStore
0x00000002902c2000 	/usr/lib/libCoreEntitlements.dylib
0x00000002663a7000 	/System/Library/PrivateFrameworks/MessageSecurity.framework/Versions/A/MessageSecurity
0x0000000195394000 	/System/Library/PrivateFrameworks/ProtocolBuffer.framework/Versions/A/ProtocolBuffer
0x00000001a6b4c000 	/System/Library/PrivateFrameworks/SymptomDiagnosticReporter.framework/Versions/A/SymptomDiagnosticReporter
0x000000019ea1c000 	/System/Library/PrivateFrameworks/CrashReporterSupport.framework/Versions/A/CrashReporterSupport
0x0000000193be1000 	/usr/lib/libMobileGestalt.dylib
0x000000019ccb9000 	/System/Library/PrivateFrameworks/AppleFSCompression.framework/Versions/A/AppleFSCompression
0x000000019c543000 	/usr/lib/libcoretls.dylib
0x000000019e84d000 	/usr/lib/libcoretls_cfhelpers.dylib
0x000000019d526000 	/usr/lib/libpam.2.dylib
0x000000019e8c3000 	/usr/lib/libxar.1.dylib
0x000000019e84f000 	/System/Library/PrivateFrameworks/APFS.framework/Versions/A/APFS
0x000000027e344000 	/System/Library/PrivateFrameworks/SwiftASN1Internal.framework/Versions/A/SwiftASN1Internal
0x000000019e8d2000 	/usr/lib/libutil.dylib
0x000000019aee2000 	/System/Library/PrivateFrameworks/AppleSystemInfo.framework/Versions/A/AppleSystemInfo
0x000000019c20a000 	/System/Library/PrivateFrameworks/IOMobileFramebuffer.framework/Versions/A/IOMobileFramebuffer
0x0000000199afc000 	/System/Library/Frameworks/IOSurface.framework/Versions/A/IOSurface
0x00000001ba6c1000 	/System/Library/PrivateFrameworks/LoggingSupport.framework/Versions/A/LoggingSupport
0x00000001a1909000 	/System/Library/PrivateFrameworks/MobileAsset.framework/Versions/A/MobileAsset
0x00000001a6b5c000 	/System/Library/PrivateFrameworks/PowerLog.framework/Versions/A/PowerLog
0x0000000239fca000 	/System/Library/Frameworks/SwiftData.framework/Versions/A/SwiftData
0x0000000193243000 	/System/Library/Frameworks/UniformTypeIdentifiers.framework/Versions/A/UniformTypeIdentifiers
0x0000000197f33000 	/System/Library/PrivateFrameworks/UserManagement.framework/Versions/A/UserManagement
0x0000000193735000 	/usr/lib/libboringssl.dylib
0x000000019580d000 	/usr/lib/libdns_services.dylib
0x00000001b96f7000 	/usr/lib/libquic.dylib
0x00000001a0b05000 	/usr/lib/libusrtcp.dylib
0x000000024225e000 	/System/Library/PrivateFrameworks/AtomicsInternal.framework/Versions/A/AtomicsInternal
0x00000001e09d0000 	/System/Library/PrivateFrameworks/InternalSwiftProtobuf.framework/Versions/A/InternalSwiftProtobuf
0x0000000291d10000 	/usr/lib/swift/libswiftDistributed.dylib
0x0000000291d39000 	/usr/lib/swift/libswiftObservation.dylib
0x0000000291e75000 	/usr/lib/swift/libswiftSynchronization.dylib
0x000000019aee0000 	/System/Library/PrivateFrameworks/AggregateDictionary.framework/Versions/A/AggregateDictionary
0x0000000242a8c000 	/System/Library/PrivateFrameworks/BiomeLibrary.framework/Versions/A/BiomeLibrary
0x00000001c980f000 	/System/Library/PrivateFrameworks/BiomeStreams.framework/Versions/A/BiomeStreams
0x00000001c5874000 	/System/Library/PrivateFrameworks/BiomeFoundation.framework/Versions/A/BiomeFoundation
0x00000001cfa93000 	/System/Library/PrivateFrameworks/BiomePubSub.framework/Versions/A/BiomePubSub
0x0000000194fa6000 	/System/Library/Frameworks/CoreData.framework/Versions/A/CoreData
0x00000001ab680000 	/System/Library/PrivateFrameworks/ProactiveSupport.framework/Versions/A/ProactiveSupport
0x000000019e82e000 	/usr/lib/liblzma.5.dylib
0x00000001a5c50000 	/System/Library/Frameworks/Accelerate.framework/Versions/A/Accelerate
0x000000019c43c000 	/System/Library/PrivateFrameworks/MobileKeyBag.framework/Versions/A/MobileKeyBag
0x00000001aa09f000 	/System/Library/PrivateFrameworks/InternationalTextSearch.framework/Versions/A/InternationalTextSearch
0x00000001c1d4f000 	/System/Library/PrivateFrameworks/SoftwareUpdateCoreSupport.framework/Versions/A/SoftwareUpdateCoreSupport
0x00000001ca2ad000 	/System/Library/PrivateFrameworks/SoftwareUpdateCoreConnect.framework/Versions/A/SoftwareUpdateCoreConnect
0x00000001a9c43000 	/System/Library/PrivateFrameworks/RemoteServiceDiscovery.framework/Versions/A/RemoteServiceDiscovery
0x00000001c1927000 	/System/Library/PrivateFrameworks/MSUDataAccessor.framework/Versions/A/MSUDataAccessor
0x00000001bc88f000 	/usr/lib/libbootpolicy.dylib
0x00000001a9c5a000 	/System/Library/PrivateFrameworks/RemoteXPC.framework/Versions/A/RemoteXPC
0x00000001c96e3000 	/usr/lib/libFDR.dylib
0x00000001cf695000 	/usr/lib/libamsupport.dylib
0x00000002905b8000 	/usr/lib/libReverseProxyDevice.dylib
0x0000000240c15000 	/System/Library/PrivateFrameworks/AppleDeviceQuerySupport.framework/Versions/A/AppleDeviceQuerySupport
0x00000001d2857000 	/usr/lib/libpartition2_dynamic.dylib
0x000000019d4c0000 	/System/Library/PrivateFrameworks/AppleSauce.framework/Versions/A/AppleSauce
0x000000029016d000 	/usr/lib/libAppleArchive.dylib
0x000000019ccc5000 	/usr/lib/libbz2.1.0.dylib
0x000000019717b000 	/System/Library/Frameworks/Accelerate.framework/Versions/A/Frameworks/vImage.framework/Versions/A/vImage
0x00000001a59ac000 	/System/Library/Frameworks/Accelerate.framework/Versions/A/Frameworks/vecLib.framework/Versions/A/vecLib
0x000000019e909000 	/System/Library/Frameworks/Accelerate.framework/Versions/A/Frameworks/vecLib.framework/Versions/A/libvMisc.dylib
0x000000018df58000 	/System/Library/Frameworks/Accelerate.framework/Versions/A/Frameworks/vecLib.framework/Versions/A/libBLAS.dylib
0x0000000197e71000 	/System/Library/Frameworks/CoreVideo.framework/Versions/A/CoreVideo
0x00000001949aa000 	/System/Library/Frameworks/ColorSync.framework/Versions/A/ColorSync
0x00000001903d8000 	/System/Library/Frameworks/CoreText.framework/Versions/A/CoreText
0x000000019a5ef000 	/System/Library/Frameworks/ImageIO.framework/Versions/A/ImageIO
0x0000000193c9d000 	/System/Library/PrivateFrameworks/SkyLight.framework/Versions/A/SkyLight
0x0000000199fca000 	/System/Library/PrivateFrameworks/FontServices.framework/libFontParser.dylib
0x000000019563b000 	/System/Library/PrivateFrameworks/BaseBoard.framework/Versions/A/BaseBoard
0x00000001a7a9e000 	/System/Library/PrivateFrameworks/BoardServices.framework/Versions/A/BoardServices
0x00000001a996b000 	/System/Library/PrivateFrameworks/BackBoardServices.framework/Versions/A/BackBoardServices
0x0000000242991000 	/System/Library/PrivateFrameworks/BackBoardHIDEventFoundation.framework/Versions/A/BackBoardHIDEventFoundation
0x000000018fef4000 	/System/Library/Frameworks/CoreDisplay.framework/Versions/A/CoreDisplay
0x000000019f4e7000 	/System/Library/Frameworks/VideoToolbox.framework/Versions/A/VideoToolbox
0x000000019d524000 	/System/Library/Frameworks/MetalPerformanceShaders.framework/Versions/A/MetalPerformanceShaders
0x0000000270bce000 	/System/Library/PrivateFrameworks/ProDisplayLibrary.framework/Versions/A/ProDisplayLibrary
0x00000001ad79c000 	/System/Library/PrivateFrameworks/IOSurfaceAccelerator.framework/Versions/A/IOSurfaceAccelerator
0x0000000199b24000 	/System/Library/Frameworks/Metal.framework/Versions/A/Metal
0x0000000199b19000 	/System/Library/PrivateFrameworks/IOAccelerator.framework/Versions/A/IOAccelerator
0x0000000199e28000 	/System/Library/Frameworks/CoreMedia.framework/Versions/A/CoreMedia
0x0000000193c79000 	/System/Library/PrivateFrameworks/TCC.framework/Versions/A/TCC
0x000000019f49f000 	/System/Library/PrivateFrameworks/WatchdogClient.framework/Versions/A/WatchdogClient
0x00000001975a0000 	/System/Library/Frameworks/QuartzCore.framework/Versions/A/QuartzCore
0x000000019f4a1000 	/System/Library/PrivateFrameworks/MultitouchSupport.framework/Versions/A/MultitouchSupport
0x00000001d263d000 	/usr/lib/swift/libswiftAccelerate.dylib
0x00000001ba7df000 	/usr/lib/swift/libswiftCoreAudio.dylib
0x00000001d67b8000 	/usr/lib/swift/libswiftCoreMedia.dylib
0x00000001c87a4000 	/usr/lib/swift/libswiftMetal.dylib
0x00000001d7f6b000 	/usr/lib/swift/libswiftOSLog.dylib
0x00000001cdb99000 	/usr/lib/swift/libswiftQuartzCore.dylib
0x00000001d262d000 	/usr/lib/swift/libswiftUniformTypeIdentifiers.dylib
0x0000000291ea3000 	/usr/lib/swift/libswiftVideoToolbox.dylib
0x00000001be353000 	/usr/lib/swift/libswiftsimd.dylib
0x00000001cfaf4000 	/System/Library/PrivateFrameworks/BiomeStorage.framework/Versions/A/BiomeStorage
0x000000025f0eb000 	/System/Library/PrivateFrameworks/IntelligencePlatformLibrary.framework/Versions/A/IntelligencePlatformLibrary
0x000000026f992000 	/System/Library/PrivateFrameworks/PoirotSchematizer.framework/Versions/A/PoirotSchematizer
0x000000024333f000 	/System/Library/PrivateFrameworks/BiomeSync.framework/Versions/A/BiomeSync
0x0000000242a72000 	/System/Library/PrivateFrameworks/BiomeDSL.framework/Versions/A/BiomeDSL
0x00000001e8b9a000 	/System/Library/PrivateFrameworks/FeatureFlags.framework/Versions/A/FeatureFlags
0x000000026fa00000 	/System/Library/PrivateFrameworks/PoirotUDFs.framework/Versions/A/PoirotUDFs
0x0000000291f4b000 	/usr/lib/swift/libswift_DarwinFoundation2.dylib
0x0000000291f4c000 	/usr/lib/swift/libswift_DarwinFoundation3.dylib
0x00000001a8013000 	/System/Library/PrivateFrameworks/CoreTime.framework/Versions/A/CoreTime
0x000000019d33e000 	/usr/lib/libiconv.2.dylib
0x000000019d29b000 	/usr/lib/libcharset.1.dylib
0x000000026f955000 	/System/Library/PrivateFrameworks/PoirotSQLite.framework/Versions/A/PoirotSQLite
0x0000000291f4d000 	/usr/lib/swift/libswift_RegexParser.dylib
0x0000000244975000 	/System/Library/PrivateFrameworks/CascadeSets.framework/Versions/A/CascadeSets
0x00000001a1a80000 	/System/Library/PrivateFrameworks/CorePhoneNumbers.framework/Versions/A/CorePhoneNumbers
0x000000019f299000 	/System/Library/PrivateFrameworks/AppleJPEG.framework/Versions/A/AppleJPEG
0x000000019ec73000 	/usr/lib/libexpat.1.dylib
0x000000019fa64000 	/System/Library/Frameworks/ImageIO.framework/Versions/A/Resources/libPng.dylib
0x000000019fa8f000 	/System/Library/Frameworks/ImageIO.framework/Versions/A/Resources/libTIFF.dylib
0x000000019fb77000 	/System/Library/Frameworks/ImageIO.framework/Versions/A/Resources/libGIF.dylib
0x000000019f2de000 	/System/Library/Frameworks/ImageIO.framework/Versions/A/Resources/libJP2.dylib
0x000000019e983000 	/usr/lib/libate.dylib
0x000000019fb1e000 	/System/Library/Frameworks/ImageIO.framework/Versions/A/Resources/libJPEG.dylib
0x000000019fb15000 	/System/Library/Frameworks/ImageIO.framework/Versions/A/Resources/libRadiance.dylib
0x0000000254da2000 	/System/Library/PrivateFrameworks/GPUCompiler.framework/Versions/32023/Libraries/libllvm-flatbuffers.dylib
0x000000024f801000 	/System/Library/PrivateFrameworks/FramePacing.framework/Versions/A/FramePacing
0x0000000232a16000 	/System/Library/Frameworks/OpenGL.framework/Versions/A/Libraries/libCoreFSCache.dylib
0x000000025092f000 	/System/Library/PrivateFrameworks/GPUCompiler.framework/Versions/32023/Libraries/libGPUCompilerUtils.dylib
0x00000001a7b6b000 	/System/Library/PrivateFrameworks/GraphicsServices.framework/Versions/A/GraphicsServices
0x0000000232a24000 	/System/Library/Frameworks/OpenGL.framework/Versions/A/OpenGL
0x0000000232a75000 	/System/Library/Frameworks/OpenGL.framework/Versions/A/Libraries/libGLU.dylib
0x0000000232a38000 	/System/Library/Frameworks/OpenGL.framework/Versions/A/Libraries/libGFXShared.dylib
0x0000000232c05000 	/System/Library/Frameworks/OpenGL.framework/Versions/A/Libraries/libGL.dylib
0x0000000232a41000 	/System/Library/Frameworks/OpenGL.framework/Versions/A/Libraries/libGLImage.dylib
0x0000000232a35000 	/System/Library/Frameworks/OpenGL.framework/Versions/A/Libraries/libCVMSPluginSupport.dylib
0x0000000232a1e000 	/System/Library/Frameworks/OpenGL.framework/Versions/A/Libraries/libCoreVMClient.dylib
0x000000019fb10000 	/System/Library/PrivateFrameworks/GPUWrangler.framework/Versions/A/GPUWrangler
0x000000019faf0000 	/System/Library/PrivateFrameworks/IOPresentment.framework/Versions/A/IOPresentment
0x000000019fb18000 	/System/Library/PrivateFrameworks/DSExternalDisplay.framework/Versions/A/DSExternalDisplay
0x0000000285f07000 	/System/Library/PrivateFrameworks/VideoToolboxParavirtualizationSupport.framework/Versions/A/VideoToolboxParavirtualizationSupport
0x000000019ec2a000 	/System/Library/PrivateFrameworks/AppleVA.framework/Versions/A/AppleVA
0x0000000234aa0000 	/System/Library/Frameworks/ExtensionFoundation.framework/Versions/A/ExtensionFoundation
0x000000019fb7d000 	/System/Library/PrivateFrameworks/CMCaptureCore.framework/Versions/A/CMCaptureCore
0x000000019ef03000 	/usr/lib/libspindump.dylib
0x0000000190601000 	/System/Library/Frameworks/CoreAudio.framework/Versions/A/CoreAudio
0x000000019eef6000 	/System/Library/PrivateFrameworks/AppServerSupport.framework/Versions/A/AppServerSupport
0x00000001a1878000 	/System/Library/PrivateFrameworks/perfdata.framework/Versions/A/perfdata
0x0000000190015000 	/System/Library/PrivateFrameworks/AudioToolboxCore.framework/Versions/A/AudioToolboxCore
0x0000000199dfe000 	/System/Library/PrivateFrameworks/caulk.framework/Versions/A/caulk
0x00000001a1475000 	/usr/lib/libAudioStatistics.dylib
0x00000001b97ec000 	/System/Library/PrivateFrameworks/SystemPolicy.framework/Versions/A/SystemPolicy
0x00000001a171d000 	/usr/lib/libSMC.dylib
0x00000001c113b000 	/usr/lib/swift/libswiftCoreMIDI.dylib
0x00000001aca8e000 	/System/Library/Frameworks/CoreMIDI.framework/Versions/A/CoreMIDI
0x000000019fa3e000 	/usr/lib/libAudioToolboxUtility.dylib
0x00000001a1886000 	/usr/lib/libperfcheck.dylib
0x000000024232d000 	/System/Library/PrivateFrameworks/AudioAnalytics.framework/Versions/A/AudioAnalytics
0x00000001e06be000 	/System/Library/Frameworks/OSLog.framework/Versions/A/OSLog
0x000000026b408000 	/System/Library/PrivateFrameworks/OSEligibility.framework/Versions/A/OSEligibility
0x0000000235e84000 	/System/Library/Frameworks/LightweightCodeRequirements.framework/Versions/A/LightweightCodeRequirements
0x000000019eb73000 	/System/Library/PrivateFrameworks/PlugInKit.framework/Versions/A/PlugInKit
0x000000019c454000 	/System/Library/PrivateFrameworks/AssertionServices.framework/Versions/A/AssertionServices
0x000000019a92f000 	/System/Library/Frameworks/CoreImage.framework/Versions/A/CoreImage
0x000000019eea6000 	/System/Library/PrivateFrameworks/GraphVisualizer.framework/Versions/A/GraphVisualizer
0x000000024f70c000 	/System/Library/PrivateFrameworks/FontServices.framework/Versions/A/FontServices
0x000000019eeb6000 	/System/Library/PrivateFrameworks/OTSVG.framework/Versions/A/OTSVG
0x00000001979b6000 	/System/Library/Frameworks/ApplicationServices.framework/Versions/A/Frameworks/ATS.framework/Versions/A/Resources/libFontRegistry.dylib
0x0000000291080000 	/usr/lib/libhvf.dylib
0x000000026c094000 	/System/Library/PrivateFrameworks/ParsingInternal.framework/Versions/A/ParsingInternal
0x000000024f710000 	/System/Library/PrivateFrameworks/FontServices.framework/libXTFontStaticRegistryData.dylib
0x000000019ae1a000 	/System/Library/Frameworks/MetalPerformanceShaders.framework/Versions/A/Frameworks/MPSCore.framework/Versions/A/MPSCore
0x000000019cc24000 	/System/Library/Frameworks/MetalPerformanceShaders.framework/Versions/A/Frameworks/MPSImage.framework/Versions/A/MPSImage
0x000000019c5e3000 	/System/Library/Frameworks/MetalPerformanceShaders.framework/Versions/A/Frameworks/MPSNeuralNetwork.framework/Versions/A/MPSNeuralNetwork
0x000000019ca22000 	/System/Library/Frameworks/MetalPerformanceShaders.framework/Versions/A/Frameworks/MPSMatrix.framework/Versions/A/MPSMatrix
0x000000019c83a000 	/System/Library/Frameworks/MetalPerformanceShaders.framework/Versions/A/Frameworks/MPSRayIntersector.framework/Versions/A/MPSRayIntersector
0x000000019ca54000 	/System/Library/Frameworks/MetalPerformanceShaders.framework/Versions/A/Frameworks/MPSNDArray.framework/Versions/A/MPSNDArray
0x0000000236d09000 	/System/Library/Frameworks/MetalPerformanceShaders.framework/Versions/A/Frameworks/MPSFunctions.framework/Versions/A/MPSFunctions
0x0000000236cea000 	/System/Library/Frameworks/MetalPerformanceShaders.framework/Versions/A/Frameworks/MPSBenchmarkLoop.framework/Versions/A/MPSBenchmarkLoop
0x0000000236d1d000 	/System/Library/Frameworks/MetalPerformanceShaders.framework/Versions/A/Frameworks/MPSHost.framework/Versions/A/MPSHost
0x000000018dd6f000 	/System/Library/PrivateFrameworks/MetalTools.framework/Versions/A/MetalTools
0x00000001bfa78000 	/System/Library/PrivateFrameworks/IOAccelMemoryInfo.framework/Versions/A/IOAccelMemoryInfo
0x00000001cdf8c000 	/System/Library/PrivateFrameworks/kperf.framework/Versions/A/kperf
0x00000001ba7db000 	/System/Library/PrivateFrameworks/GPURawCounter.framework/Versions/A/GPURawCounter
0x00000001ab80b000 	/System/Library/PrivateFrameworks/ASEProcessing.framework/Versions/A/ASEProcessing
0x00000001dc071000 	/System/Library/PrivateFrameworks/Symbolication.framework/Versions/A/Symbolication
0x000000026f541000 	/System/Library/PrivateFrameworks/PhotosensitivityProcessing.framework/Versions/A/PhotosensitivityProcessing
0x0000000272e69000 	/System/Library/PrivateFrameworks/SILManager.framework/Versions/A/SILManager
0x00000001a7eb6000 	/System/Library/PrivateFrameworks/CoreSymbolication.framework/Versions/A/CoreSymbolication
0x00000001ba750000 	/System/Library/PrivateFrameworks/MallocStackLogging.framework/Versions/A/MallocStackLogging
0x00000001a7e94000 	/System/Library/PrivateFrameworks/DebugSymbols.framework/Versions/A/DebugSymbols
0x00000001cc6ff000 	/System/Library/PrivateFrameworks/OSAnalytics.framework/Versions/A/OSAnalytics
0x000000024d46e000 	/System/Library/PrivateFrameworks/DeviceRecovery.framework/Versions/A/DeviceRecovery
0x0000000281797000 	/System/Library/PrivateFrameworks/Tightbeam.framework/Versions/A/Tightbeam
0x00000001c87b2000 	/usr/lib/swift/libswiftCompression.dylib
0x00000001d2dc4000 	/System/Library/PrivateFrameworks/AFKUser.framework/Versions/A/AFKUser
0x00000001a121f000 	/System/Library/Frameworks/AudioToolbox.framework/Versions/A/AudioToolbox
0x00000001a13f4000 	/System/Library/PrivateFrameworks/AudioSession.framework/Versions/A/AudioSession
0x000000019edb7000 	/System/Library/PrivateFrameworks/MediaExperience.framework/Versions/A/MediaExperience
0x00000001a11c9000 	/System/Library/PrivateFrameworks/AudioSession.framework/libSessionUtility.dylib
0x00000001b265b000 	/System/Library/PrivateFrameworks/HID.framework/Versions/A/HID
0x000000019c463000 	/System/Library/Frameworks/SecurityFoundation.framework/Versions/A/SecurityFoundation
0x000000018e753000 	/System/Library/PrivateFrameworks/Lexicon.framework/Versions/A/Lexicon
0x000000019c5cc000 	/usr/lib/libgermantok.dylib
0x000000019b009000 	/System/Library/PrivateFrameworks/LinguisticData.framework/Versions/A/LinguisticData
0x00000001a6c4a000 	/System/Library/PrivateFrameworks/MediaKit.framework/Versions/A/MediaKit
0x00000001a6b98000 	/System/Library/Frameworks/DiscRecording.framework/Versions/A/DiscRecording
0x000000019ec8e000 	/usr/lib/libheimdal-asn1.dylib
0x0000000197cce000 	/System/Library/Frameworks/OpenDirectory.framework/Versions/A/OpenDirectory
0x0000000197cdc000 	/System/Library/Frameworks/OpenDirectory.framework/Versions/A/Frameworks/CFOpenDirectory.framework/Versions/A/CFOpenDirectory
0x0000000241d4c000 	/System/Library/PrivateFrameworks/AppleMobileFileIntegrity.framework/Versions/A/AppleMobileFileIntegrity
0x000000029062f000 	/usr/lib/libTLE.dylib
0x00000001ba782000 	/usr/lib/libmis.dylib
0x00000001f22ad000 	/System/Library/PrivateFrameworks/ConfigProfileHelper.framework/Versions/A/ConfigProfileHelper
0x000000026119b000 	/System/Library/PrivateFrameworks/MIL.framework/Versions/A/MIL
0x000000018ea65000 	/usr/lib/libCRFSuite.dylib
0x000000019aee9000 	/System/Library/PrivateFrameworks/CoreNLP.framework/Versions/A/CoreNLP
0x000000019c56d000 	/usr/lib/libmecab.dylib
0x000000019d4b7000 	/usr/lib/libThaiTokenizer.dylib
0x00000001e0ba7000 	/System/Library/PrivateFrameworks/HIDDisplay.framework/Versions/A/HIDDisplay
0x00000001a1894000 	/System/Library/Frameworks/Kerberos.framework/Versions/A/Kerberos
0x00000001a1505000 	/usr/lib/libresolv.9.dylib
0x000000019ef0a000 	/System/Library/PrivateFrameworks/Heimdal.framework/Versions/A/Heimdal
0x00000001aa672000 	/System/Library/Frameworks/Kerberos.framework/Versions/A/Libraries/libHeimdalProxy.dylib
0x00000001a18f8000 	/System/Library/PrivateFrameworks/CommonAuth.framework/Versions/A/CommonAuth
0x000000019c098000 	/System/Library/Frameworks/Accelerate.framework/Versions/A/Frameworks/vecLib.framework/Versions/A/libvDSP.dylib
0x000000019d606000 	/System/Library/Frameworks/Accelerate.framework/Versions/A/Frameworks/vecLib.framework/Versions/A/libLAPACK.dylib
0x000000019c5cf000 	/System/Library/Frameworks/Accelerate.framework/Versions/A/Frameworks/vecLib.framework/Versions/A/libLinearAlgebra.dylib
0x000000019d4fd000 	/System/Library/Frameworks/Accelerate.framework/Versions/A/Frameworks/vecLib.framework/Versions/A/libSparseBLAS.dylib
0x000000019d601000 	/System/Library/Frameworks/Accelerate.framework/Versions/A/Frameworks/vecLib.framework/Versions/A/libQuadrature.dylib
0x000000019b010000 	/System/Library/Frameworks/Accelerate.framework/Versions/A/Frameworks/vecLib.framework/Versions/A/libBNNS.dylib
0x000000018e863000 	/System/Library/Frameworks/Accelerate.framework/Versions/A/Frameworks/vecLib.framework/Versions/A/libSparse.dylib
0x00000001a185d000 	/System/Library/PrivateFrameworks/NetAuth.framework/Versions/A/NetAuth
0x0000000197ef2000 	/System/Library/PrivateFrameworks/login.framework/Versions/A/Frameworks/loginsupport.framework/Versions/A/loginsupport
0x000000019c537000 	/usr/lib/libCheckFix.dylib
0x0000000197078000 	/System/Library/PrivateFrameworks/MetadataUtilities.framework/Versions/A/MetadataUtilities
0x000000025c6c0000 	/System/Library/PrivateFrameworks/InstalledContentLibrary.framework/Versions/A/InstalledContentLibrary
0x00000001917ce000 	/System/Library/PrivateFrameworks/CoreServicesStore.framework/Versions/A/CoreServicesStore
0x0000000197d3d000 	/usr/lib/libapp_launch_measurement.dylib
0x00000001ce0a3000 	/System/Library/PrivateFrameworks/MobileSystemServices.framework/Versions/A/MobileSystemServices
0x000000019e8d6000 	/usr/lib/libxslt.1.dylib
0x000000019c4f6000 	/System/Library/PrivateFrameworks/BackgroundTaskManagement.framework/Versions/A/BackgroundTaskManagement
0x00000001a9d04000 	/usr/lib/libcurl.4.dylib
0x0000000290e34000 	/usr/lib/libcrypto.46.dylib
0x00000002919d3000 	/usr/lib/libssl.48.dylib
0x00000001a99de000 	/System/Library/Frameworks/LDAP.framework/Versions/A/LDAP
0x00000001a9a1a000 	/System/Library/PrivateFrameworks/TrustEvaluationAgent.framework/Versions/A/TrustEvaluationAgent
0x00000001a1522000 	/usr/lib/libsasl2.2.dylib
0x0000000107bac000 	/Users/kyungduck/miniforge3/envs/nlp_env/lib/python3.12/lib-dynload/_lsprof.cpython-312-darwin.so
0x0000000107bbc000 	/Users/kyungduck/miniforge3/envs/nlp_env/lib/python3.12/lib-dynload/resource.cpython-312-darwin.so
0x0000000110904000 	/Users/kyungduck/miniforge3/envs/nlp_env/lib/python3.12/site-packages/psutil/_psutil_osx.abi3.so
0x0000000110920000 	/Users/kyungduck/miniforge3/envs/nlp_env/lib/python3.12/lib-dynload/_ctypes.cpython-312-darwin.so
0x0000000110944000 	/Users/kyungduck/miniforge3/envs/nlp_env/lib/libffi.8.dylib
0x0000000111174000 	/Users/kyungduck/miniforge3/envs/nlp_env/lib/python3.12/site-packages/debugpy/_vendored/pydevd/_pydevd_bundle/pydevd_cython.cpython-312-darwin.so
0x0000000111cc8000 	/Users/kyungduck/miniforge3/envs/nlp_env/lib/python3.12/site-packages/debugpy/_vendored/pydevd/_pydevd_sys_monitoring/_pydevd_sys_monitoring_cython.cpython-312-darwin.so
0x00000001128d0000 	/Users/kyungduck/miniforge3/envs/nlp_env/lib/python3.12/site-packages/numpy/_core/_multiarray_umath.cpython-312-darwin.so
0x0000000111c00000 	/Users/kyungduck/miniforge3/envs/nlp_env/lib/python3.12/site-packages/numpy/linalg/_umath_linalg.cpython-312-darwin.so
0x0000000111c28000 	/Users/kyungduck/miniforge3/envs/nlp_env/lib/python3.12/site-packages/matplotlib/_c_internal_utils.cpython-312-darwin.so
0x0000000110964000 	/Users/kyungduck/miniforge3/envs/nlp_env/lib/python3.12/lib-dynload/_elementtree.cpython-312-darwin.so
0x0000000112800000 	/Users/kyungduck/miniforge3/envs/nlp_env/lib/python3.12/site-packages/PIL/_imaging.cpython-312-darwin.so
0x0000000112db8000 	/Users/kyungduck/miniforge3/envs/nlp_env/lib/python3.12/site-packages/PIL/.dylibs/libtiff.6.dylib
0x0000000112e74000 	/Users/kyungduck/miniforge3/envs/nlp_env/lib/python3.12/site-packages/PIL/.dylibs/libjpeg.62.4.0.dylib
0x0000000112f18000 	/Users/kyungduck/miniforge3/envs/nlp_env/lib/python3.12/site-packages/PIL/.dylibs/libopenjp2.2.5.4.dylib
0x0000000111c58000 	/Users/kyungduck/miniforge3/envs/nlp_env/lib/python3.12/site-packages/PIL/.dylibs/libz.1.3.1.zlib-ng.dylib
0x0000000111d2c000 	/Users/kyungduck/miniforge3/envs/nlp_env/lib/python3.12/site-packages/PIL/.dylibs/libxcb.1.1.0.dylib
0x0000000112fbc000 	/Users/kyungduck/miniforge3/envs/nlp_env/lib/python3.12/site-packages/PIL/.dylibs/liblzma.5.dylib
0x0000000107be0000 	/Users/kyungduck/miniforge3/envs/nlp_env/lib/python3.12/site-packages/PIL/.dylibs/libXau.6.dylib
0x000000011310c000 	/Users/kyungduck/miniforge3/envs/nlp_env/lib/python3.12/site-packages/matplotlib/_path.cpython-312-darwin.so
0x0000000113894000 	/Users/kyungduck/miniforge3/envs/nlp_env/lib/python3.12/site-packages/matplotlib/ft2font.cpython-312-darwin.so
0x0000000111d70000 	/Users/kyungduck/miniforge3/envs/nlp_env/lib/python3.12/site-packages/kiwisolver/_cext.cpython-312-darwin.so
0x0000000113b2c000 	/Users/kyungduck/miniforge3/envs/nlp_env/lib/python3.12/site-packages/matplotlib/_image.cpython-312-darwin.so
0x0000000115358000 	/Users/kyungduck/miniforge3/envs/nlp_env/lib/python3.12/site-packages/pyarrow/lib.cpython-312-darwin.so
0x0000000115000000 	/Users/kyungduck/miniforge3/envs/nlp_env/lib/python3.12/site-packages/pyarrow/libarrow_python.2500.dylib
0x0000000115b6c000 	/Users/kyungduck/miniforge3/envs/nlp_env/lib/python3.12/site-packages/pyarrow/libarrow_substrait.2500.dylib
0x00000001156bc000 	/Users/kyungduck/miniforge3/envs/nlp_env/lib/python3.12/site-packages/pyarrow/libarrow_dataset.2500.dylib
0x00000001164b0000 	/Users/kyungduck/miniforge3/envs/nlp_env/lib/python3.12/site-packages/pyarrow/libparquet.2500.dylib
0x000000011601c000 	/Users/kyungduck/miniforge3/envs/nlp_env/lib/python3.12/site-packages/pyarrow/libarrow_acero.2500.dylib
0x0000000120000000 	/Users/kyungduck/miniforge3/envs/nlp_env/lib/python3.12/site-packages/pyarrow/libarrow_compute.2500.dylib
0x0000000148000000 	/Users/kyungduck/miniforge3/envs/nlp_env/lib/python3.12/site-packages/pyarrow/libarrow.2500.dylib
0x00000001134a8000 	/Users/kyungduck/miniforge3/envs/nlp_env/lib/python3.12/site-packages/numpy/random/_bounded_integers.cpython-312-darwin.so
0x0000000112898000 	/Users/kyungduck/miniforge3/envs/nlp_env/lib/python3.12/site-packages/numpy/random/bit_generator.cpython-312-darwin.so
0x0000000113800000 	/Users/kyungduck/miniforge3/envs/nlp_env/lib/python3.12/site-packages/numpy/random/_common.cpython-312-darwin.so
0x00000001146a0000 	/Users/kyungduck/miniforge3/envs/nlp_env/lib/python3.12/site-packages/numpy/random/_generator.cpython-312-darwin.so
0x0000000111dcc000 	/Users/kyungduck/miniforge3/envs/nlp_env/lib/python3.12/site-packages/numpy/random/_pcg64.cpython-312-darwin.so
0x000000011383c000 	/Users/kyungduck/miniforge3/envs/nlp_env/lib/python3.12/site-packages/numpy/random/_mt19937.cpython-312-darwin.so
0x0000000111da8000 	/Users/kyungduck/miniforge3/envs/nlp_env/lib/python3.12/site-packages/numpy/random/_philox.cpython-312-darwin.so
0x0000000113468000 	/Users/kyungduck/miniforge3/envs/nlp_env/lib/python3.12/site-packages/numpy/random/_sfc64.cpython-312-darwin.so
0x0000000114744000 	/Users/kyungduck/miniforge3/envs/nlp_env/lib/python3.12/site-packages/numpy/random/mtrand.cpython-312-darwin.so
0x0000000113860000 	/Users/kyungduck/miniforge3/envs/nlp_env/lib/python3.12/site-packages/pandas/_libs/pandas_parser.cpython-312-darwin.so
0x0000000113874000 	/Users/kyungduck/miniforge3/envs/nlp_env/lib/python3.12/site-packages/pandas/_libs/pandas_datetime.cpython-312-darwin.so
0x000000011595c000 	/Users/kyungduck/miniforge3/envs/nlp_env/lib/python3.12/site-packages/pandas/_libs/interval.cpython-312-darwin.so
0x0000000116d84000 	/Users/kyungduck/miniforge3/envs/nlp_env/lib/python3.12/site-packages/pandas/_libs/hashtable.cpython-312-darwin.so
0x00000001141c4000 	/Users/kyungduck/miniforge3/envs/nlp_env/lib/python3.12/site-packages/pandas/_libs/missing.cpython-312-darwin.so
0x0000000114600000 	/Users/kyungduck/miniforge3/envs/nlp_env/lib/python3.12/site-packages/pandas/_libs/tslibs/dtypes.cpython-312-darwin.so
0x0000000114190000 	/Users/kyungduck/miniforge3/envs/nlp_env/lib/python3.12/site-packages/pandas/_libs/tslibs/ccalendar.cpython-312-darwin.so
0x0000000114658000 	/Users/kyungduck/miniforge3/envs/nlp_env/lib/python3.12/site-packages/pandas/_libs/_cyutility.cpython-312-darwin.so
0x00000001147cc000 	/Users/kyungduck/miniforge3/envs/nlp_env/lib/python3.12/site-packages/pandas/_libs/tslibs/np_datetime.cpython-312-darwin.so
0x00000001151e4000 	/Users/kyungduck/miniforge3/envs/nlp_env/lib/python3.12/site-packages/pandas/_libs/tslibs/conversion.cpython-312-darwin.so
0x000000011462c000 	/Users/kyungduck/miniforge3/envs/nlp_env/lib/python3.12/site-packages/pandas/_libs/tslibs/base.cpython-312-darwin.so
0x0000000115a54000 	/Users/kyungduck/miniforge3/envs/nlp_env/lib/python3.12/site-packages/pandas/_libs/tslibs/offsets.cpython-312-darwin.so
0x0000000116400000 	/Users/kyungduck/miniforge3/envs/nlp_env/lib/python3.12/site-packages/pandas/_libs/tslibs/timestamps.cpython-312-darwin.so
0x000000011623c000 	/Users/kyungduck/miniforge3/envs/nlp_env/lib/python3.12/site-packages/pandas/_libs/tslibs/nattype.cpython-312-darwin.so
0x0000000116f54000 	/Users/kyungduck/miniforge3/envs/nlp_env/lib/python3.12/site-packages/pandas/_libs/tslibs/timedeltas.cpython-312-darwin.so
0x0000000116274000 	/Users/kyungduck/miniforge3/envs/nlp_env/lib/python3.12/site-packages/pandas/_libs/tslibs/timezones.cpython-312-darwin.so
0x00000001141b0000 	/Users/kyungduck/miniforge3/envs/nlp_env/lib/python3.12/lib-dynload/_zoneinfo.cpython-312-darwin.so
0x0000000114684000 	/Users/kyungduck/miniforge3/envs/nlp_env/lib/python3.12/site-packages/pandas/_libs/properties.cpython-312-darwin.so
0x00000001162a0000 	/Users/kyungduck/miniforge3/envs/nlp_env/lib/python3.12/site-packages/pandas/_libs/tslibs/fields.cpython-312-darwin.so
0x0000000116474000 	/Users/kyungduck/miniforge3/envs/nlp_env/lib/python3.12/site-packages/pandas/_libs/tslibs/tzconversion.cpython-312-darwin.so
0x0000000116fc4000 	/Users/kyungduck/miniforge3/envs/nlp_env/lib/python3.12/site-packages/pandas/_libs/tslibs/parsing.cpython-312-darwin.so
0x0000000117004000 	/Users/kyungduck/miniforge3/envs/nlp_env/lib/python3.12/site-packages/pandas/_libs/tslibs/strptime.cpython-312-darwin.so
0x0000000117098000 	/Users/kyungduck/miniforge3/envs/nlp_env/lib/python3.12/site-packages/pandas/_libs/tslibs/period.cpython-312-darwin.so
0x0000000115334000 	/Users/kyungduck/miniforge3/envs/nlp_env/lib/python3.12/site-packages/pandas/_libs/tslibs/vectorized.cpython-312-darwin.so
0x0000000115310000 	/Users/kyungduck/miniforge3/envs/nlp_env/lib/python3.12/site-packages/pandas/_libs/ops_dispatch.cpython-312-darwin.so
0x0000000117280000 	/Users/kyungduck/miniforge3/envs/nlp_env/lib/python3.12/site-packages/pandas/_libs/algos.cpython-312-darwin.so
0x00000001174a0000 	/Users/kyungduck/miniforge3/envs/nlp_env/lib/python3.12/site-packages/pandas/_libs/lib.cpython-312-darwin.so
0x000000011766c000 	/Users/kyungduck/miniforge3/envs/nlp_env/lib/python3.12/site-packages/pyarrow/_compute.cpython-312-darwin.so
0x00000001162d8000 	/Users/kyungduck/miniforge3/envs/nlp_env/lib/python3.12/site-packages/pandas/_libs/ops.cpython-312-darwin.so
0x0000000115b48000 	/Users/kyungduck/miniforge3/envs/nlp_env/lib/python3.12/site-packages/pandas/_libs/hashing.cpython-312-darwin.so
0x0000000117060000 	/Users/kyungduck/miniforge3/envs/nlp_env/lib/python3.12/site-packages/pandas/_libs/arrays.cpython-312-darwin.so
0x000000011721c000 	/Users/kyungduck/miniforge3/envs/nlp_env/lib/python3.12/site-packages/pandas/_libs/tslib.cpython-312-darwin.so
0x0000000117bb4000 	/Users/kyungduck/miniforge3/envs/nlp_env/lib/python3.12/site-packages/pandas/_libs/sparse.cpython-312-darwin.so
0x0000000117458000 	/Users/kyungduck/miniforge3/envs/nlp_env/lib/python3.12/site-packages/pandas/_libs/internals.cpython-312-darwin.so
0x000000011703c000 	/Users/kyungduck/miniforge3/envs/nlp_env/lib/python3.12/site-packages/pandas/_libs/indexing.cpython-312-darwin.so
0x0000000121000000 	/Users/kyungduck/miniforge3/envs/nlp_env/lib/python3.12/site-packages/pandas/_libs/index.cpython-312-darwin.so
0x00000001171f4000 	/Users/kyungduck/miniforge3/envs/nlp_env/lib/python3.12/site-packages/pandas/_libs/writers.cpython-312-darwin.so
0x0000000121198000 	/Users/kyungduck/miniforge3/envs/nlp_env/lib/python3.12/site-packages/pandas/_libs/join.cpython-312-darwin.so
0x0000000110e44000 	/Users/kyungduck/miniforge3/envs/nlp_env/lib/python3.12/lib-dynload/mmap.cpython-312-darwin.so
0x0000000111df0000 	/Users/kyungduck/miniforge3/envs/nlp_env/lib/python3.12/lib-dynload/grp.cpython-312-darwin.so
0x0000000117b00000 	/Users/kyungduck/miniforge3/envs/nlp_env/lib/python3.12/site-packages/pandas/_libs/window/aggregations.cpython-312-darwin.so
0x0000000117410000 	/Users/kyungduck/miniforge3/envs/nlp_env/lib/python3.12/site-packages/pandas/_libs/window/indexers.cpython-312-darwin.so
0x0000000117788000 	/Users/kyungduck/miniforge3/envs/nlp_env/lib/python3.12/site-packages/pandas/_libs/reshape.cpython-312-darwin.so
0x00000001218f4000 	/Users/kyungduck/miniforge3/envs/nlp_env/lib/python3.12/site-packages/pandas/_libs/groupby.cpython-312-darwin.so
0x000000011725c000 	/Users/kyungduck/miniforge3/envs/nlp_env/lib/python3.12/site-packages/pandas/_libs/json.cpython-312-darwin.so
0x0000000120e94000 	/Users/kyungduck/miniforge3/envs/nlp_env/lib/python3.12/site-packages/pandas/_libs/parsers.cpython-312-darwin.so
0x00000001177d4000 	/Users/kyungduck/miniforge3/envs/nlp_env/lib/python3.12/site-packages/pandas/_libs/testing.cpython-312-darwin.so
0x0000000117244000 	/Users/kyungduck/miniforge3/envs/nlp_env/lib/python3.12/lib-dynload/cmath.cpython-312-darwin.so
0x0000000117444000 	/Users/kyungduck/miniforge3/envs/nlp_env/lib/python3.12/site-packages/sklearn/__check_build/_check_build.cpython-312-darwin.so
0x0000000117b60000 	/Users/kyungduck/miniforge3/envs/nlp_env/lib/python3.12/site-packages/scipy/_lib/_ccallback_c.cpython-312-darwin.so
0x0000000117d68000 	/Users/kyungduck/miniforge3/envs/nlp_env/lib/python3.12/site-packages/scipy/_cyutility.cpython-312-darwin.so
0x0000000122b80000 	/Users/kyungduck/miniforge3/envs/nlp_env/lib/python3.12/site-packages/scipy/sparse/_sparsetools.cpython-312-darwin.so
0x0000000110e34000 	/Users/kyungduck/miniforge3/envs/nlp_env/lib/python3.12/site-packages/charset_normalizer/cd.cpython-312-darwin.so
0x0000000117d94000 	/Users/kyungduck/miniforge3/envs/nlp_env/lib/python3.12/site-packages/ada92cb5d92a588d1b93__mypyc.cpython-312-darwin.so
0x00000001210ac000 	/Users/kyungduck/miniforge3/envs/nlp_env/lib/python3.12/lib-dynload/_codecs_cn.cpython-312-darwin.so
0x00000001210d8000 	/Users/kyungduck/miniforge3/envs/nlp_env/lib/python3.12/lib-dynload/_codecs_hk.cpython-312-darwin.so
0x0000000114648000 	/Users/kyungduck/miniforge3/envs/nlp_env/lib/python3.12/lib-dynload/_codecs_iso2022.cpython-312-darwin.so
0x0000000121150000 	/Users/kyungduck/miniforge3/envs/nlp_env/lib/python3.12/lib-dynload/_codecs_jp.cpython-312-darwin.so
0x0000000121108000 	/Users/kyungduck/miniforge3/envs/nlp_env/lib/python3.12/lib-dynload/_codecs_kr.cpython-312-darwin.so
0x0000000121384000 	/Users/kyungduck/miniforge3/envs/nlp_env/lib/python3.12/lib-dynload/_codecs_tw.cpython-312-darwin.so
0x0000000117654000 	/Users/kyungduck/miniforge3/envs/nlp_env/lib/python3.12/lib-dynload/_multibytecodec.cpython-312-darwin.so
0x0000000121800000 	/Users/kyungduck/miniforge3/envs/nlp_env/lib/python3.12/site-packages/numpy/fft/_pocketfft_umath.cpython-312-darwin.so
0x0000000122900000 	/Users/kyungduck/miniforge3/envs/nlp_env/lib/python3.12/site-packages/scipy/sparse/_csparsetools.cpython-312-darwin.so
0x0000000115324000 	/Users/kyungduck/miniforge3/envs/nlp_env/lib/python3.12/lib-dynload/_multiprocessing.cpython-312-darwin.so
0x00000001164a0000 	/Users/kyungduck/miniforge3/envs/nlp_env/lib/python3.12/lib-dynload/_posixshmem.cpython-312-darwin.so
0x00000001232a8000 	/Users/kyungduck/miniforge3/envs/nlp_env/lib/python3.12/site-packages/scipy/special/_ufuncs.cpython-312-darwin.so
0x00000001234c4000 	/Users/kyungduck/miniforge3/envs/nlp_env/lib/python3.12/site-packages/scipy/special/_ufuncs_cxx.cpython-312-darwin.so
0x0000000117b7c000 	/Users/kyungduck/miniforge3/envs/nlp_env/lib/python3.12/site-packages/scipy/special/_ellip_harm_2.cpython-312-darwin.so
0x0000000123200000 	/Users/kyungduck/miniforge3/envs/nlp_env/lib/python3.12/site-packages/scipy/linalg/_fblas.cpython-312-darwin.so
0x0000000123800000 	/Users/kyungduck/miniforge3/envs/nlp_env/lib/python3.12/site-packages/scipy/linalg/_flapack.cpython-312-darwin.so
0x0000000121854000 	/Users/kyungduck/miniforge3/envs/nlp_env/lib/python3.12/site-packages/scipy/linalg/_batched_linalg.cpython-312-darwin.so
0x0000000121898000 	/Users/kyungduck/miniforge3/envs/nlp_env/lib/python3.12/site-packages/scipy/linalg/_cythonized_array_utils.cpython-312-darwin.so
0x0000000121130000 	/Users/kyungduck/miniforge3/envs/nlp_env/lib/python3.12/site-packages/scipy/linalg/_solve_toeplitz.cpython-312-darwin.so
0x00000001213ac000 	/Users/kyungduck/miniforge3/envs/nlp_env/lib/python3.12/site-packages/scipy/linalg/_internal_matfuncs.cpython-312-darwin.so
0x00000001218cc000 	/Users/kyungduck/miniforge3/envs/nlp_env/lib/python3.12/site-packages/scipy/linalg/_linalg_pythran.cpython-312-darwin.so
0x0000000123634000 	/Users/kyungduck/miniforge3/envs/nlp_env/lib/python3.12/site-packages/scipy/linalg/_decomp_update.cpython-312-darwin.so
0x0000000123454000 	/Users/kyungduck/miniforge3/envs/nlp_env/lib/python3.12/site-packages/scipy/linalg/cython_blas.cpython-312-darwin.so
0x00000001236cc000 	/Users/kyungduck/miniforge3/envs/nlp_env/lib/python3.12/site-packages/scipy/linalg/cython_lapack.cpython-312-darwin.so
0x0000000123ae4000 	/Users/kyungduck/miniforge3/envs/nlp_env/lib/python3.12/site-packages/scipy/special/_special_ufuncs.cpython-312-darwin.so
0x0000000123bfc000 	/Users/kyungduck/miniforge3/envs/nlp_env/lib/python3.12/site-packages/scipy/special/_gufuncs.cpython-312-darwin.so
0x0000000123478000 	/Users/kyungduck/miniforge3/envs/nlp_env/lib/python3.12/site-packages/scipy/special/_specfun.cpython-312-darwin.so
0x00000001177b4000 	/Users/kyungduck/miniforge3/envs/nlp_env/lib/python3.12/site-packages/scipy/special/_comb.cpython-312-darwin.so
0x0000000123728000 	/Users/kyungduck/miniforge3/envs/nlp_env/lib/python3.12/site-packages/scipy/sparse/linalg/_dsolve/_superlu.cpython-312-darwin.so
0x0000000123670000 	/Users/kyungduck/miniforge3/envs/nlp_env/lib/python3.12/site-packages/scipy/sparse/linalg/_eigen/arpack/_arpacklib.cpython-312-darwin.so
0x000000012369c000 	/Users/kyungduck/miniforge3/envs/nlp_env/lib/python3.12/site-packages/scipy/sparse/linalg/_propack.cpython-312-darwin.so
0x0000000123a58000 	/Users/kyungduck/miniforge3/envs/nlp_env/lib/python3.12/site-packages/scipy/spatial/_ckdtree.cpython-312-darwin.so
0x00000001213cc000 	/Users/kyungduck/miniforge3/envs/nlp_env/lib/python3.12/site-packages/scipy/spatial/_hausdorff.cpython-312-darwin.so
0x0000000123e98000 	/Users/kyungduck/miniforge3/envs/nlp_env/lib/python3.12/site-packages/scipy/spatial/_distance_pybind.cpython-312-darwin.so
0x00000001213e4000 	/Users/kyungduck/miniforge3/envs/nlp_env/lib/python3.12/site-packages/scipy/spatial/_distance_wrap.cpython-312-darwin.so
0x0000000123fd8000 	/Users/kyungduck/miniforge3/envs/nlp_env/lib/python3.12/site-packages/scipy/spatial/_qhull.cpython-312-darwin.so
0x0000000122b60000 	/Users/kyungduck/miniforge3/envs/nlp_env/lib/python3.12/site-packages/scipy/_lib/messagestream.cpython-312-darwin.so
0x0000000123288000 	/Users/kyungduck/miniforge3/envs/nlp_env/lib/python3.12/site-packages/scipy/spatial/_voronoi.cpython-312-darwin.so
0x00000001239cc000 	/Users/kyungduck/miniforge3/envs/nlp_env/lib/python3.12/site-packages/scipy/spatial/transform/_rotation_cy.cpython-312-darwin.so
0x00000001237a8000 	/Users/kyungduck/miniforge3/envs/nlp_env/lib/python3.12/site-packages/scipy/spatial/transform/_rigid_transform_cy.cpython-312-darwin.so
0x00000001234a8000 	/Users/kyungduck/miniforge3/envs/nlp_env/lib/python3.12/site-packages/scipy/optimize/_group_columns.cpython-312-darwin.so
0x0000000123f24000 	/Users/kyungduck/miniforge3/envs/nlp_env/lib/python3.12/site-packages/scipy/optimize/_trlib/_trlib.cpython-312-darwin.so
0x0000000117b98000 	/Users/kyungduck/miniforge3/envs/nlp_env/lib/python3.12/site-packages/scipy/optimize/_lbfgsb.cpython-312-darwin.so
0x0000000123f54000 	/Users/kyungduck/miniforge3/envs/nlp_env/lib/python3.12/site-packages/scipy/optimize/_moduleTNC.cpython-312-darwin.so
0x0000000121bec000 	/Users/kyungduck/miniforge3/envs/nlp_env/lib/python3.12/site-packages/scipy/optimize/_slsqplib.cpython-312-darwin.so
0x000000012378c000 	/Users/kyungduck/miniforge3/envs/nlp_env/lib/python3.12/site-packages/scipy/optimize/_minpack.cpython-312-darwin.so
0x0000000123770000 	/Users/kyungduck/miniforge3/envs/nlp_env/lib/python3.12/site-packages/scipy/optimize/_lsq/givens_elimination.cpython-312-darwin.so
0x0000000117084000 	/Users/kyungduck/miniforge3/envs/nlp_env/lib/python3.12/site-packages/scipy/optimize/_zeros.cpython-312-darwin.so
0x0000000125d14000 	/Users/kyungduck/miniforge3/envs/nlp_env/lib/python3.12/site-packages/scipy/optimize/_highspy/_core.cpython-312-darwin.so
0x0000000124338000 	/Users/kyungduck/miniforge3/envs/nlp_env/lib/python3.12/site-packages/scipy/optimize/_highspy/_highs_options.cpython-312-darwin.so
0x000000012439c000 	/Users/kyungduck/miniforge3/envs/nlp_env/lib/python3.12/site-packages/scipy/linalg/_decomp_interpolative.cpython-312-darwin.so
0x0000000123f78000 	/Users/kyungduck/miniforge3/envs/nlp_env/lib/python3.12/site-packages/scipy/_lib/_uarray/_uarray.cpython-312-darwin.so
0x0000000125b60000 	/Users/kyungduck/miniforge3/envs/nlp_env/lib/python3.12/site-packages/scipy/fft/_duccfft/pyduccfft.cpython-312-darwin.so
0x000000012428c000 	/Users/kyungduck/miniforge3/envs/nlp_env/lib/python3.12/site-packages/scipy/optimize/_bglu_dense.cpython-312-darwin.so
0x00000001237e0000 	/Users/kyungduck/miniforge3/envs/nlp_env/lib/python3.12/site-packages/scipy/optimize/_lsap.cpython-312-darwin.so
0x00000001242b8000 	/Users/kyungduck/miniforge3/envs/nlp_env/lib/python3.12/site-packages/scipy/optimize/_pava_pybind.cpython-312-darwin.so
0x0000000123fac000 	/Users/kyungduck/miniforge3/envs/nlp_env/lib/python3.12/site-packages/scipy/optimize/_direct.cpython-312-darwin.so
0x00000001242f0000 	/Users/kyungduck/miniforge3/envs/nlp_env/lib/python3.12/site-packages/scipy/integrate/_odepack.cpython-312-darwin.so
0x0000000124464000 	/Users/kyungduck/miniforge3/envs/nlp_env/lib/python3.12/site-packages/scipy/integrate/_quadpack.cpython-312-darwin.so
0x00000001244c8000 	/Users/kyungduck/miniforge3/envs/nlp_env/lib/python3.12/site-packages/scipy/integrate/_vode.cpython-312-darwin.so
0x0000000124424000 	/Users/kyungduck/miniforge3/envs/nlp_env/lib/python3.12/site-packages/scipy/integrate/_dop.cpython-312-darwin.so
0x0000000125800000 	/Users/kyungduck/miniforge3/envs/nlp_env/lib/python3.12/site-packages/scipy/interpolate/_fitpack.cpython-312-darwin.so
0x0000000124588000 	/Users/kyungduck/miniforge3/envs/nlp_env/lib/python3.12/site-packages/scipy/interpolate/_dierckx.cpython-312-darwin.so
0x000000012583c000 	/Users/kyungduck/miniforge3/envs/nlp_env/lib/python3.12/site-packages/scipy/interpolate/_ppoly.cpython-312-darwin.so
0x0000000125a74000 	/Users/kyungduck/miniforge3/envs/nlp_env/lib/python3.12/site-packages/scipy/interpolate/_interpnd.cpython-312-darwin.so
0x000000012673c000 	/Users/kyungduck/miniforge3/envs/nlp_env/lib/python3.12/site-packages/scipy/interpolate/_rbfinterp_pythran.cpython-312-darwin.so
0x0000000125870000 	/Users/kyungduck/miniforge3/envs/nlp_env/lib/python3.12/site-packages/scipy/interpolate/_rgi_cython.cpython-312-darwin.so
0x0000000127060000 	/Users/kyungduck/miniforge3/envs/nlp_env/lib/python3.12/site-packages/scipy/stats/_stats.cpython-312-darwin.so
0x0000000127260000 	/Users/kyungduck/miniforge3/envs/nlp_env/lib/python3.12/site-packages/scipy/special/cython_special.cpython-312-darwin.so
0x0000000125adc000 	/Users/kyungduck/miniforge3/envs/nlp_env/lib/python3.12/site-packages/scipy/stats/_biasedurn.cpython-312-darwin.so
0x0000000123fc0000 	/Users/kyungduck/miniforge3/envs/nlp_env/lib/python3.12/site-packages/scipy/stats/_levy_stable/levyst.cpython-312-darwin.so
0x00000001259cc000 	/Users/kyungduck/miniforge3/envs/nlp_env/lib/python3.12/site-packages/scipy/stats/_stats_pythran.cpython-312-darwin.so
0x00000001245a4000 	/Users/kyungduck/miniforge3/envs/nlp_env/lib/python3.12/site-packages/scipy/stats/_ansari_swilk_statistics.cpython-312-darwin.so
0x0000000127788000 	/Users/kyungduck/miniforge3/envs/nlp_env/lib/python3.12/site-packages/scipy/sparse/csgraph/_shortest_path.cpython-312-darwin.so
0x00000001262a4000 	/Users/kyungduck/miniforge3/envs/nlp_env/lib/python3.12/site-packages/scipy/sparse/csgraph/_tools.cpython-312-darwin.so
0x00000001265b8000 	/Users/kyungduck/miniforge3/envs/nlp_env/lib/python3.12/site-packages/scipy/sparse/csgraph/_traversal.cpython-312-darwin.so
0x0000000125890000 	/Users/kyungduck/miniforge3/envs/nlp_env/lib/python3.12/site-packages/scipy/sparse/csgraph/_min_spanning_tree.cpython-312-darwin.so
0x0000000126550000 	/Users/kyungduck/miniforge3/envs/nlp_env/lib/python3.12/site-packages/scipy/sparse/csgraph/_flow.cpython-312-darwin.so
0x0000000126620000 	/Users/kyungduck/miniforge3/envs/nlp_env/lib/python3.12/site-packages/scipy/sparse/csgraph/_matching.cpython-312-darwin.so
0x0000000126688000 	/Users/kyungduck/miniforge3/envs/nlp_env/lib/python3.12/site-packages/scipy/sparse/csgraph/_reordering.cpython-312-darwin.so
0x0000000126710000 	/Users/kyungduck/miniforge3/envs/nlp_env/lib/python3.12/site-packages/scipy/stats/_sobol.cpython-312-darwin.so
0x0000000125cb0000 	/Users/kyungduck/miniforge3/envs/nlp_env/lib/python3.12/site-packages/scipy/stats/_qmc_cy.cpython-312-darwin.so
0x00000001245c0000 	/Users/kyungduck/miniforge3/envs/nlp_env/lib/python3.12/site-packages/scipy/stats/_rcont/rcont.cpython-312-darwin.so
0x0000000125cd0000 	/Users/kyungduck/miniforge3/envs/nlp_env/lib/python3.12/site-packages/scipy/stats/_qmvnt_cy.cpython-312-darwin.so
0x0000000127028000 	/Users/kyungduck/miniforge3/envs/nlp_env/lib/python3.12/site-packages/scipy/ndimage/_nd_image.cpython-312-darwin.so
0x00000001237f0000 	/Users/kyungduck/miniforge3/envs/nlp_env/lib/python3.12/site-packages/scipy/ndimage/_rank_filter_1d.cpython-312-darwin.so
0x0000000127720000 	/Users/kyungduck/miniforge3/envs/nlp_env/lib/python3.12/site-packages/scipy/ndimage/_ni_label.cpython-312-darwin.so
0x0000000125a30000 	/Users/kyungduck/miniforge3/envs/nlp_env/lib/python3.12/site-packages/sklearn/utils/_isfinite.cpython-312-darwin.so
0x0000000127900000 	/Users/kyungduck/miniforge3/envs/nlp_env/lib/python3.12/site-packages/sklearn/_cyutility.cpython-312-darwin.so
0x000000014ac04000 	/Users/kyungduck/miniforge3/envs/nlp_env/lib/python3.12/site-packages/sklearn/utils/sparsefuncs_fast.cpython-312-darwin.so
0x000000012630c000 	/Users/kyungduck/miniforge3/envs/nlp_env/lib/python3.12/site-packages/sklearn/utils/murmurhash.cpython-312-darwin.so
0x0000000125b08000 	/Users/kyungduck/miniforge3/envs/nlp_env/lib/python3.12/site-packages/sklearn/utils/_openmp_helpers.cpython-312-darwin.so
0x000000014ae34000 	/Users/kyungduck/miniforge3/envs/nlp_env/lib/python3.12/site-packages/sklearn/.dylibs/libomp.dylib
0x0000000125b44000 	/Users/kyungduck/miniforge3/envs/nlp_env/lib/python3.12/site-packages/sklearn/metrics/cluster/_expected_mutual_info_fast.cpython-312-darwin.so
0x000000014aee0000 	/Users/kyungduck/miniforge3/envs/nlp_env/lib/python3.12/site-packages/sklearn/metrics/_dist_metrics.cpython-312-darwin.so
0x0000000127968000 	/Users/kyungduck/miniforge3/envs/nlp_env/lib/python3.12/site-packages/sklearn/metrics/_pairwise_distances_reduction/_argkmin.cpython-312-darwin.so
0x00000001279f0000 	/Users/kyungduck/miniforge3/envs/nlp_env/lib/python3.12/site-packages/sklearn/metrics/_pairwise_distances_reduction/_base.cpython-312-darwin.so
0x0000000127df0000 	/Users/kyungduck/miniforge3/envs/nlp_env/lib/python3.12/site-packages/sklearn/metrics/_pairwise_distances_reduction/_datasets_pair.cpython-312-darwin.so
0x0000000127a58000 	/Users/kyungduck/miniforge3/envs/nlp_env/lib/python3.12/site-packages/sklearn/utils/_cython_blas.cpython-312-darwin.so
0x000000014b044000 	/Users/kyungduck/miniforge3/envs/nlp_env/lib/python3.12/site-packages/sklearn/metrics/_pairwise_distances_reduction/_middle_term_computer.cpython-312-darwin.so
0x0000000123f98000 	/Users/kyungduck/miniforge3/envs/nlp_env/lib/python3.12/site-packages/sklearn/utils/_heap.cpython-312-darwin.so
0x0000000126260000 	/Users/kyungduck/miniforge3/envs/nlp_env/lib/python3.12/site-packages/sklearn/utils/_sorting.cpython-312-darwin.so
0x0000000127224000 	/Users/kyungduck/miniforge3/envs/nlp_env/lib/python3.12/site-packages/sklearn/metrics/_pairwise_distances_reduction/_argkmin_classmode.cpython-312-darwin.so
0x0000000127f24000 	/Users/kyungduck/miniforge3/envs/nlp_env/lib/python3.12/site-packages/sklearn/metrics/_pairwise_distances_reduction/_radius_neighbors.cpython-312-darwin.so
0x00000001271c0000 	/Users/kyungduck/miniforge3/envs/nlp_env/lib/python3.12/site-packages/sklearn/utils/_vector_sentinel.cpython-312-darwin.so
0x000000014add0000 	/Users/kyungduck/miniforge3/envs/nlp_env/lib/python3.12/site-packages/sklearn/metrics/_pairwise_distances_reduction/_radius_neighbors_classmode.cpython-312-darwin.so
0x0000000127e78000 	/Users/kyungduck/miniforge3/envs/nlp_env/lib/python3.12/site-packages/sklearn/metrics/_pairwise_fast.cpython-312-darwin.so
0x000000014afd4000 	/Users/kyungduck/miniforge3/envs/nlp_env/lib/python3.12/site-packages/sklearn/preprocessing/_csr_polynomial_expansion.cpython-312-darwin.so
0x000000014b518000 	/Users/kyungduck/miniforge3/envs/nlp_env/lib/python3.12/site-packages/sklearn/preprocessing/_target_encoder_fast.cpython-312-darwin.so
0x000000014b114000 	/Users/kyungduck/miniforge3/envs/nlp_env/lib/python3.12/site-packages/sklearn/utils/_random.cpython-312-darwin.so
0x000000014b17c000 	/Users/kyungduck/miniforge3/envs/nlp_env/lib/python3.12/site-packages/_jpype.so
0x000000014b26c000 	/Users/kyungduck/miniforge3/envs/nlp_env/lib/python3.12/site-packages/MeCab/_MeCab.cpython-312-darwin.so
0x000000014b6a4000 	/Users/kyungduck/miniforge3/envs/nlp_env/lib/python3.12/site-packages/MeCab/.dylibs/libmecab.2.dylib
0x000000014af98000 	/Users/kyungduck/miniforge3/envs/nlp_env/lib/jvm/lib/libjli.dylib
0x00000001acc81000 	/System/Library/Frameworks/Cocoa.framework/Versions/A/Cocoa
0x0000000191967000 	/System/Library/Frameworks/AppKit.framework/Versions/C/AppKit
0x0000000245da0000 	/System/Library/PrivateFrameworks/CollectionViewCore.framework/Versions/A/CollectionViewCore
0x000000019a5ab000 	/System/Library/PrivateFrameworks/XCTTargetBootstrap.framework/Versions/A/XCTTargetBootstrap
0x000000019fff4000 	/System/Library/PrivateFrameworks/UserActivity.framework/Versions/A/UserActivity
0x000000024f80e000 	/System/Library/PrivateFrameworks/FrontBoard.framework/Versions/A/FrontBoard
0x00000002838e4000 	/System/Library/PrivateFrameworks/UIIntelligenceSupport.framework/Versions/A/UIIntelligenceSupport
0x000000023a137000 	/System/Library/Frameworks/SwiftUICore.framework/Versions/A/SwiftUICore
0x000000028a478000 	/System/Library/PrivateFrameworks/WritingTools.framework/Versions/A/WritingTools
0x0000000289273000 	/System/Library/PrivateFrameworks/WindowManagement.framework/Versions/A/WindowManagement
0x000000024f543000 	/System/Library/PrivateFrameworks/FocusEngine.framework/Versions/A/FocusEngine
0x000000024cf4f000 	/System/Library/PrivateFrameworks/DesignLibrary.framework/Versions/A/DesignLibrary
0x000000019a596000 	/System/Library/PrivateFrameworks/DFRFoundation.framework/Versions/A/DFRFoundation
0x000000028482d000 	/System/Library/PrivateFrameworks/UpdateCycle.framework/Versions/A/UpdateCycle
0x000000019a29a000 	/System/Library/Frameworks/Carbon.framework/Versions/A/Frameworks/HIToolbox.framework/Versions/A/HIToolbox
0x00000001a55bf000 	/System/Library/Frameworks/Carbon.framework/Versions/A/Frameworks/SpeechRecognition.framework/Versions/A/SpeechRecognition
0x0000000197cc4000 	/System/Library/PrivateFrameworks/PerformanceAnalysis.framework/Versions/A/PerformanceAnalysis
0x00000001a594f000 	/System/Library/Frameworks/Accessibility.framework/Versions/A/Accessibility
0x000000023b094000 	/System/Library/Frameworks/Symbols.framework/Versions/A/Symbols
0x0000000258aa3000 	/System/Library/PrivateFrameworks/Gestures.framework/Versions/A/Gestures
0x0000000291dfb000 	/usr/lib/swift/libswiftSpatial.dylib
0x00000001b7694000 	/usr/lib/swift/libswiftCoreGraphics.dylib
0x00000001a6393000 	/usr/lib/swift/libswiftFoundation.dylib
0x00000001f1c51000 	/usr/lib/swift/libswiftSwiftOnoneSupport.dylib
0x0000000292081000 	/usr/lib/swift/libswiftsys_time.dylib
0x00000001dc886000 	/System/Library/PrivateFrameworks/CoreMaterial.framework/Versions/A/CoreMaterial
0x000000029062c000 	/usr/lib/libSpatial.dylib
0x000000029004d000 	/System/Library/SubFrameworks/UIUtilities.framework/Versions/A/UIUtilities
0x0000000195599000 	/System/Library/Frameworks/Accounts.framework/Versions/A/Accounts
0x00000001b95c3000 	/System/Library/Frameworks/AVFoundation.framework/Versions/A/AVFoundation
0x000000019fc98000 	/System/Library/PrivateFrameworks/InternationalSupport.framework/Versions/A/InternationalSupport
0x00000001a94a9000 	/System/Library/PrivateFrameworks/CoreWiFi.framework/Versions/A/CoreWiFi
0x00000001a801e000 	/System/Library/PrivateFrameworks/Rapport.framework/Versions/A/Rapport
0x000000023c023000 	/System/Library/Frameworks/_LocationEssentials.framework/Versions/A/_LocationEssentials
0x00000001aa09e000 	/System/Library/Frameworks/ApplicationServices.framework/Versions/A/ApplicationServices
0x00000001a14bd000 	/System/Library/Frameworks/ApplicationServices.framework/Versions/A/Frameworks/ATS.framework/Versions/A/ATS
0x0000000194b52000 	/System/Library/Frameworks/ApplicationServices.framework/Versions/A/Frameworks/HIServices.framework/Versions/A/HIServices
0x000000019fb8e000 	/System/Library/Frameworks/ApplicationServices.framework/Versions/A/Frameworks/PrintCore.framework/Versions/A/PrintCore
0x00000001a186f000 	/System/Library/Frameworks/ApplicationServices.framework/Versions/A/Frameworks/QD.framework/Versions/A/QD
0x00000001a186a000 	/System/Library/Frameworks/ApplicationServices.framework/Versions/A/Frameworks/ColorSyncLegacy.framework/Versions/A/ColorSyncLegacy
0x00000001a148f000 	/System/Library/Frameworks/ApplicationServices.framework/Versions/A/Frameworks/SpeechSynthesis.framework/Versions/A/SpeechSynthesis
0x000000019ecf9000 	/System/Library/PrivateFrameworks/IconServices.framework/Versions/A/IconServices
0x000000019ec98000 	/System/Library/PrivateFrameworks/IconFoundation.framework/Versions/A/IconFoundation
0x000000025bc79000 	/System/Library/PrivateFrameworks/IconRendering.framework/Versions/A/IconRendering
0x0000000197a08000 	/System/Library/PrivateFrameworks/CoreUI.framework/Versions/A/CoreUI
0x0000000272de3000 	/System/Library/PrivateFrameworks/SFSymbols.framework/Versions/A/SFSymbols
0x0000000234956000 	/System/Library/Frameworks/DeveloperToolsSupport.framework/Versions/A/DeveloperToolsSupport
0x00000001b1928000 	/System/Library/PrivateFrameworks/RenderBox.framework/Versions/A/RenderBox
0x000000019a5b1000 	/System/Library/PrivateFrameworks/CoreSVG.framework/Versions/A/CoreSVG
0x000000019fc01000 	/System/Library/PrivateFrameworks/TextureIO.framework/Versions/A/TextureIO
0x00000001ba85f000 	/usr/lib/swift/libswiftCoreImage.dylib
0x000000019fb49000 	/System/Library/Frameworks/ApplicationServices.framework/Versions/A/Frameworks/ATSUI.framework/Versions/A/ATSUI
0x000000019d092000 	/System/Library/Frameworks/UserNotifications.framework/Versions/A/UserNotifications
0x00000001c020d000 	/System/Library/PrivateFrameworks/SiriInstrumentation.framework/Versions/A/SiriInstrumentation
0x00000002752c4000 	/System/Library/PrivateFrameworks/SiriAnalytics.framework/Versions/A/SiriAnalytics
0x00000001bd975000 	/System/Library/PrivateFrameworks/FeedbackLogger.framework/Versions/A/FeedbackLogger
0x00000001d8204000 	/usr/lib/swift/libswiftAVFoundation.dylib
0x0000000283fbf000 	/System/Library/PrivateFrameworks/UnifiedAssetFramework.framework/Versions/A/UnifiedAssetFramework
0x00000001a6a41000 	/System/Library/Frameworks/CoreBluetooth.framework/Versions/A/CoreBluetooth
0x000000019c2c7000 	/System/Library/PrivateFrameworks/CoreUtils.framework/Versions/A/CoreUtils
0x000000024c387000 	/System/Library/PrivateFrameworks/CoreUtilsExtras.framework/Versions/A/CoreUtilsExtras
0x000000025bbce000 	/System/Library/PrivateFrameworks/IO80211.framework/Versions/A/IO80211
0x00000001a33b7000 	/System/Library/Frameworks/IOBluetooth.framework/Versions/A/IOBluetooth
0x0000000291d58000 	/usr/lib/swift/libswiftRegexBuilder.dylib
0x000000019ea13000 	/usr/lib/libIOReport.dylib
0x00000001e8c1e000 	/System/Library/PrivateFrameworks/WiFiPeerToPeer.framework/Versions/A/WiFiPeerToPeer
0x0000000244a29000 	/System/Library/PrivateFrameworks/Centauri.framework/Versions/A/Centauri
0x00000002914d0000 	/usr/lib/libmrc.dylib
0x000000025bc39000 	/System/Library/PrivateFrameworks/IPConfiguration.framework/Versions/A/IPConfiguration
0x00000001dc848000 	/System/Library/PrivateFrameworks/Netrb.framework/Versions/A/Netrb
0x00000001a79c4000 	/System/Library/PrivateFrameworks/FrontBoardServices.framework/Versions/A/FrontBoardServices
0x00000001aa673000 	/System/Library/Frameworks/AudioUnit.framework/Versions/A/AudioUnit
0x00000001a375f000 	/System/Library/PrivateFrameworks/GeoServices.framework/Versions/A/GeoServices
0x00000001a118f000 	/System/Library/PrivateFrameworks/LocationSupport.framework/Versions/A/LocationSupport
0x00000002588f5000 	/System/Library/PrivateFrameworks/GeoServicesCore.framework/Versions/A/GeoServicesCore
0x00000001b355f000 	/System/Library/PrivateFrameworks/PhoneNumbers.framework/Versions/A/PhoneNumbers
0x000000026107d000 	/System/Library/PrivateFrameworks/LocationLogEncryption.framework/Versions/A/LocationLogEncryption
0x0000000232f91000 	/System/Library/Frameworks/AVFAudio.framework/Versions/A/AVFAudio
0x00000002330d5000 	/System/Library/Frameworks/AVRouting.framework/Versions/A/AVRouting
0x00000001b3677000 	/usr/lib/libAccessibility.dylib
0x000000025fa67000 	/System/Library/PrivateFrameworks/IsolatedCoreAudioClient.framework/Versions/A/IsolatedCoreAudioClient
0x00000002481bf000 	/System/Library/PrivateFrameworks/CoreAudioOrchestration.framework/Versions/A/CoreAudioOrchestration
0x00000001a0065000 	/System/Library/Frameworks/MediaToolbox.framework/Versions/A/MediaToolbox
0x00000001a6d70000 	/System/Library/PrivateFrameworks/CoreAVCHD.framework/Versions/A/CoreAVCHD
0x00000001a5c9f000 	/System/Library/Frameworks/MediaAccessibility.framework/Versions/A/MediaAccessibility
0x00000001a6d6c000 	/System/Library/PrivateFrameworks/Mangrove.framework/Versions/A/Mangrove
0x0000000244065000 	/System/Library/PrivateFrameworks/CMPhoto.framework/Versions/A/CMPhoto
0x00000001a7539000 	/System/Library/Frameworks/CoreTelephony.framework/Versions/A/CoreTelephony
0x00000001a6d5f000 	/System/Library/PrivateFrameworks/CoreAUC.framework/Versions/A/CoreAUC
0x00000002411d6000 	/System/Library/PrivateFrameworks/AppleJPEGXL.framework/Versions/A/AppleJPEGXL
0x00000001a1a90000 	/usr/lib/libTelephonyUtilDynamic.dylib
0x00000001e37b0000 	/System/Library/Frameworks/CryptoKit.framework/Versions/A/CryptoKit
0x00000001aa66e000 	/System/Library/PrivateFrameworks/CryptoKitCBridging.framework/Versions/A/CryptoKitCBridging
0x00000001a7b7d000 	/System/Library/Frameworks/CryptoTokenKit.framework/Versions/A/CryptoTokenKit
0x000000024cedf000 	/System/Library/PrivateFrameworks/Dendrite.framework/Versions/A/Dendrite
0x00000001ba383000 	/System/Library/Frameworks/NaturalLanguage.framework/Versions/A/NaturalLanguage
0x00000002585f8000 	/System/Library/PrivateFrameworks/GenerativeModels.framework/Versions/A/GenerativeModels
0x00000001e8ba6000 	/usr/lib/swift/libswiftNaturalLanguage.dylib
0x00000001aa7fd000 	/System/Library/PrivateFrameworks/Espresso.framework/Versions/A/Espresso
0x000000019845d000 	/System/Library/Frameworks/CoreML.framework/Versions/A/CoreML
0x00000001e6a63000 	/usr/lib/libedit.3.dylib
0x000000022fda0000 	/System/Library/PrivateFrameworks/ANECompiler.framework/Versions/A/ANECompiler
0x00000001ac8d2000 	/System/Library/PrivateFrameworks/AppleNeuralEngine.framework/Versions/A/AppleNeuralEngine
0x0000000236d23000 	/System/Library/Frameworks/MetalPerformanceShadersGraph.framework/Versions/A/MetalPerformanceShadersGraph
0x000000026190a000 	/System/Library/PrivateFrameworks/MLCompilerServices.framework/Versions/A/MLCompilerServices
0x00000001ab64f000 	/System/Library/PrivateFrameworks/ANEServices.framework/Versions/A/ANEServices
0x00000001bfa3b000 	/usr/lib/libncurses.5.4.dylib
0x000000019190a000 	/usr/lib/libsandbox.1.dylib
0x000000019ebb4000 	/usr/lib/libMatch.1.dylib
0x000000026b18a000 	/System/Library/PrivateFrameworks/ODIE.framework/Versions/A/ODIE
0x0000000264597000 	/System/Library/PrivateFrameworks/MLModelAsset.framework/Versions/A/MLModelAsset
0x00000002618b0000 	/System/Library/PrivateFrameworks/MLCompilerRuntime.framework/Versions/A/MLCompilerRuntime
0x000000019c88f000 	/System/Library/Frameworks/MLCompute.framework/Versions/A/MLCompute
0x0000000261832000 	/System/Library/PrivateFrameworks/MLAssetIO.framework/Versions/A/MLAssetIO
0x0000000291d2a000 	/usr/lib/swift/libswiftMLCompute.dylib
0x00000001a7754000 	/System/Library/PrivateFrameworks/AVFCore.framework/Versions/A/AVFCore
0x00000001b0f79000 	/System/Library/PrivateFrameworks/AVFCapture.framework/Versions/A/AVFCapture
0x0000000243e5c000 	/System/Library/PrivateFrameworks/CMImaging.framework/Versions/A/CMImaging
0x00000001b11bb000 	/System/Library/PrivateFrameworks/Quagga.framework/Versions/A/Quagga
0x00000001b12ec000 	/System/Library/PrivateFrameworks/CMCapture.framework/Versions/A/CMCapture
0x00000001a161a000 	/System/Library/Frameworks/CoreMediaIO.framework/Versions/A/CoreMediaIO
0x0000000243d97000 	/System/Library/PrivateFrameworks/CMCaptureDevice.framework/Versions/A/CMCaptureDevice
0x000000019efef000 	/System/Library/PrivateFrameworks/CoreBrightness.framework/Versions/A/CoreBrightness
0x0000000244f20000 	/System/Library/PrivateFrameworks/CinematicFraming.framework/Versions/A/CinematicFraming
0x0000000267672000 	/System/Library/PrivateFrameworks/ModelManagerServices.framework/Versions/A/ModelManagerServices
0x00000001d526e000 	/System/Library/PrivateFrameworks/CPMS.framework/Versions/A/CPMS
0x000000027eebf000 	/System/Library/PrivateFrameworks/SystemStatus.framework/Versions/A/SystemStatus
0x00000001b91c1000 	/System/Library/Frameworks/CoreMotion.framework/Versions/A/CoreMotion
0x00000001c978e000 	/System/Library/PrivateFrameworks/TimeSync.framework/Versions/A/TimeSync
0x000000024d8a5000 	/System/Library/PrivateFrameworks/DistributedSensing.framework/Versions/A/DistributedSensing
0x00000001c4b83000 	/System/Library/PrivateFrameworks/MobileBluetooth.framework/Versions/A/MobileBluetooth
0x00000001cb44c000 	/System/Library/PrivateFrameworks/IOKitten.framework/Versions/A/IOKitten
0x0000000241050000 	/System/Library/PrivateFrameworks/AppleIntelligenceReporting.framework/Versions/A/AppleIntelligenceReporting
0x000000019c1d6000 	/System/Library/PrivateFrameworks/CoreEmoji.framework/Versions/A/CoreEmoji
0x000000018fd45000 	/System/Library/PrivateFrameworks/LanguageModeling.framework/Versions/A/LanguageModeling
0x0000000194cbb000 	/System/Library/PrivateFrameworks/Montreal.framework/Versions/A/Montreal
0x000000019d346000 	/usr/lib/libcmph.dylib
0x00000002586da000 	/System/Library/PrivateFrameworks/GenerativeModelsFoundation.framework/Versions/A/GenerativeModelsFoundation
0x0000000281c9c000 	/System/Library/PrivateFrameworks/TokenGeneration.framework/Versions/A/TokenGeneration
0x00000002584ae000 	/System/Library/PrivateFrameworks/GenerativeFunctions.framework/Versions/A/GenerativeFunctions
0x00000002584fc000 	/System/Library/PrivateFrameworks/GenerativeFunctionsFoundation.framework/Versions/A/GenerativeFunctionsFoundation
0x0000000267338000 	/System/Library/PrivateFrameworks/ModelCatalog.framework/Versions/A/ModelCatalog
0x00000002744de000 	/System/Library/PrivateFrameworks/SensitiveContentAnalysisML.framework/Versions/A/SensitiveContentAnalysisML
0x0000000258592000 	/System/Library/PrivateFrameworks/GenerativeFunctionsInstrumentation.framework/Versions/A/GenerativeFunctionsInstrumentation
0x0000000271356000 	/System/Library/PrivateFrameworks/PromptKit.framework/Versions/A/PromptKit
0x0000000270d6d000 	/System/Library/PrivateFrameworks/ProactiveDaemonSupport.framework/Versions/A/ProactiveDaemonSupport
0x0000000281ed4000 	/System/Library/PrivateFrameworks/TokenGenerationCore.framework/Versions/A/TokenGenerationCore
0x00000001bb24e000 	/System/Library/PrivateFrameworks/Trial.framework/Versions/A/Trial
0x00000001bb1cf000 	/System/Library/PrivateFrameworks/TrialProto.framework/Versions/A/TrialProto
0x0000000240c7c000 	/System/Library/PrivateFrameworks/AppleFlatBuffers.framework/Versions/A/AppleFlatBuffers
0x00000002747ae000 	/System/Library/PrivateFrameworks/SentencePieceInternal.framework/Versions/A/SentencePieceInternal
0x00000001a5cf9000 	/System/Library/Frameworks/Vision.framework/Versions/A/Vision
0x000000024c069000 	/System/Library/PrivateFrameworks/CoreSceneUnderstanding.framework/Versions/A/CoreSceneUnderstanding
0x0000000286b14000 	/System/Library/PrivateFrameworks/VisionCore.framework/Versions/A/VisionCore
0x000000019ffa2000 	/System/Library/PrivateFrameworks/DataDetectorsCore.framework/Versions/A/DataDetectorsCore
0x00000001c3b11000 	/System/Library/Frameworks/Vision.framework/libfaceCore.dylib
0x00000001c462b000 	/System/Library/PrivateFrameworks/Futhark.framework/Versions/A/Futhark
0x00000001c856b000 	/System/Library/PrivateFrameworks/InertiaCam.framework/Versions/A/InertiaCam
0x00000001c43b8000 	/System/Library/PrivateFrameworks/TextRecognition.framework/Versions/A/TextRecognition
0x000000023493f000 	/System/Library/Frameworks/DataDetection.framework/Versions/A/DataDetection
0x00000001be5e1000 	/System/Library/PrivateFrameworks/TextInput.framework/Versions/A/TextInput
0x000000019ea51000 	/System/Library/PrivateFrameworks/CVNLP.framework/Versions/A/CVNLP
0x00000001a17fe000 	/usr/lib/libcups.2.dylib
0x00000001b356b000 	/System/Library/PrivateFrameworks/AXCoreUtilities.framework/Versions/A/AXCoreUtilities
0x00000001c395c000 	/System/Library/PrivateFrameworks/AttributeGraph.framework/Versions/A/AttributeGraph
0x0000000290130000 	/usr/lib/libAXSafeCategoryBundle.dylib
0x000000023b0ae000 	/System/Library/Frameworks/TabularData.framework/Versions/A/TabularData
0x0000000241efc000 	/System/Library/PrivateFrameworks/ArgumentParserInternal.framework/Versions/A/ArgumentParserInternal
0x0000000234424000 	/System/Library/Frameworks/CoreTransferable.framework/Versions/A/CoreTransferable
0x000000019308a000 	/System/Library/PrivateFrameworks/UIFoundation.framework/Versions/A/UIFoundation
0x0000000154824000 	/Users/kyungduck/miniforge3/envs/nlp_env/lib/jvm/lib/server/libjvm.dylib
0x00000001262d0000 	/Users/kyungduck/miniforge3/envs/nlp_env/lib/jvm/lib/libjimage.dylib
0x000000014b774000 	/Users/kyungduck/miniforge3/envs/nlp_env/lib/jvm/lib/libjava.dylib
0x0000000127000000 	/Users/kyungduck/miniforge3/envs/nlp_env/lib/jvm/lib/libnio.dylib
0x0000000127b04000 	/Users/kyungduck/miniforge3/envs/nlp_env/lib/jvm/lib/libnet.dylib
0x000000014b7d0000 	/Users/kyungduck/miniforge3/envs/nlp_env/lib/jvm/lib/libzip.dylib
0x000000012657c000 	/Users/kyungduck/miniforge3/envs/nlp_env/lib/jvm/lib/libverify.dylib
0x0000000107b20000 	/Users/kyungduck/miniforge3/envs/nlp_env/lib/python3.12/site-packages/torch/lib/libtorch_global_deps.dylib
0x000000012456c000 	/Users/kyungduck/miniforge3/envs/nlp_env/lib/python3.12/site-packages/torch/_C.cpython-312-darwin.so
0x000000031900c000 	/Users/kyungduck/miniforge3/envs/nlp_env/lib/python3.12/site-packages/torch/lib/libtorch_python.dylib
0x00000001111f4000 	/Users/kyungduck/miniforge3/envs/nlp_env/lib/python3.12/site-packages/torch/lib/libtorch.dylib
0x000000012664c000 	/Users/kyungduck/miniforge3/envs/nlp_env/lib/python3.12/site-packages/torch/lib/libshm.dylib
0x000000032ef44000 	/Users/kyungduck/miniforge3/envs/nlp_env/lib/python3.12/site-packages/torch/lib/libtorch_cpu.dylib
0x000000014ca10000 	/Users/kyungduck/miniforge3/envs/nlp_env/lib/python3.12/site-packages/torch/lib/libc10.dylib
0x000000014cb20000 	/Users/kyungduck/miniforge3/envs/nlp_env/lib/python3.12/site-packages/torch/lib/libomp.dylib
0x0000000125aac000 	/Users/kyungduck/miniforge3/envs/nlp_env/lib/python3.12/lib-dynload/_statistics.cpython-312-darwin.so
0x0000000177e20000 	/Users/kyungduck/miniforge3/envs/nlp_env/lib/python3.12/site-packages/optree/_C.cpython-312-darwin.so
0x0000000320038000 	/System/Library/Extensions/AGXMetalG13X.bundle/Contents/MacOS/AGXMetalG13X
0x00000001b266f000 	/System/Library/PrivateFrameworks/IOGPU.framework/Versions/A/IOGPU


VM Arguments:
jvm_args: -Dfile.encoding=UTF8 -ea -Xmx1024m 
java_command: <unknown>
java_class_path (initial): /Users/kyungduck/miniforge3/envs/nlp_env/lib/python3.12/site-packages/konlpy/java:/Users/kyungduck/miniforge3/envs/nlp_env/lib/python3.12/site-packages/konlpy/java/bin:/Users/kyungduck/miniforge3/envs/nlp_env/lib/python3.12/site-packages/konlpy/java/scala-library-2.12.3.jar:/Users/kyungduck/miniforge3/envs/nlp_env/lib/python3.12/site-packages/konlpy/java/twitter-text-1.14.7.jar:/Users/kyungduck/miniforge3/envs/nlp_env/lib/python3.12/site-packages/konlpy/java/komoran-3.0.jar:/Users/kyungduck/miniforge3/envs/nlp_env/lib/python3.12/site-packages/konlpy/java/jhannanum-0.8.4.jar:/Users/kyungduck/miniforge3/envs/nlp_env/lib/python3.12/site-packages/konlpy/java/open-korean-text-2.1.0.jar:/Users/kyungduck/miniforge3/envs/nlp_env/lib/python3.12/site-packages/konlpy/java/aho-corasick.jar:/Users/kyungduck/miniforge3/envs/nlp_env/lib/python3.12/site-packages/konlpy/java/kkma-2.0.jar:/Users/kyungduck/miniforge3/envs/nlp_env/lib/python3.12/site-packages/konlpy/java/shineware-common-1.0.jar:/Users/kyungduck/miniforge3/envs/nlp_env/lib/python3.12/site-packages/konlpy/java/snakeyaml-1.12.jar:/Users/kyungduck/miniforge3/envs/nlp_env/lib/python3.12/site-packages/konlpy/java/shineware-ds-1.0.jar:/Users/kyungduck/miniforge3/envs/nlp_env/lib/python3.12/site-packages/konlpy/java/jhannanum-0.8.4.jar:/Users/kyungduck/miniforge3/envs/nlp_env/lib/python3.12/site-packages/konlpy/java/kkma-2.0.jar:/Users/kyungduck/miniforge3/envs/nlp_env/lib/python3.12/site-packages/konlpy/java/aho-corasick.jar:/Users/kyungduck/miniforge3/envs/nlp_env/lib/python3.12/site-packages/konlpy/java/shineware-common-1.0.jar:/Users/kyungduck/miniforge3/envs/nlp_env/lib/python3.12/site-packages/konlpy/java/shineware-ds-1.0.jar:/Users/kyungduck/miniforge3/envs/nlp_env/lib/python3.12/site-packages/konlpy/java/komoran-3.0.jar:/Users/kyungduck/miniforge3/envs/nlp_env/lib/python3.12/site-packages/konlpy/java/snakeyaml-1.12.jar:/Users/kyungduck/miniforge3/envs/nlp_env/lib/python3.12/site-packages/k
Launcher Type: generic

[Global flags]
     intx CICompilerCount                          = 4                                         {product} {ergonomic}
     uint ConcGCThreads                            = 2                                         {product} {ergonomic}
     uint G1ConcRefinementThreads                  = 8                                         {product} {ergonomic}
   size_t G1HeapRegionSize                         = 1048576                                   {product} {ergonomic}
    uintx GCDrainStackTargetSize                   = 64                                        {product} {ergonomic}
   size_t InitialHeapSize                          = 268435456                                 {product} {ergonomic}
   size_t MarkStackSize                            = 4194304                                   {product} {ergonomic}
   size_t MaxHeapSize                              = 1073741824                                {product} {command line}
   size_t MaxNewSize                               = 643825664                                 {product} {ergonomic}
   size_t MinHeapDeltaBytes                        = 1048576                                   {product} {ergonomic}
   size_t MinHeapSize                              = 8388608                                   {product} {ergonomic}
    uintx NonNMethodCodeHeapSize                   = 5839564                                {pd product} {ergonomic}
    uintx NonProfiledCodeHeapSize                  = 122909338                              {pd product} {ergonomic}
    uintx ProfiledCodeHeapSize                     = 122909338                              {pd product} {ergonomic}
    uintx ReservedCodeCacheSize                    = 251658240                              {pd product} {ergonomic}
     bool SegmentedCodeCache                       = true                                      {product} {ergonomic}
   size_t SoftMaxHeapSize                          = 1073741824                             {manageable} {ergonomic}
     bool UseCompressedClassPointers               = true                           {product lp64_product} {ergonomic}
     bool UseCompressedOops                        = true                           {product lp64_product} {ergonomic}
     bool UseG1GC                                  = true                                      {product} {ergonomic}
     bool UseNUMA                                  = false                                     {product} {ergonomic}
     bool UseNUMAInterleaving                      = false                                     {product} {ergonomic}

Logging:
Log output configuration:
 #0: stdout all=warning uptime,level,tags
 #1: stderr all=off uptime,level,tags

Environment Variables:
JAVA_HOME=/Users/kyungduck/miniforge3/envs/nlp_env/lib/jvm
PATH=/usr/local/bin:/System/Cryptexes/App/usr/bin:/usr/bin:/bin:/usr/sbin:/sbin:/var/run/com.apple.security.cryptexd/codex.system/bootstrap/usr/local/bin:/var/run/com.apple.security.cryptexd/codex.system/bootstrap/usr/bin:/var/run/com.apple.security.cryptexd/codex.system/bootstrap/usr/appleinternal/bin:/pkg/env/global/bin:/opt/homebrew/bin:/usr/local/mysql/bin:/Users/kyungduck/miniforge3/envs/nlp_env/bin:/Users/kyungduck/miniforge3/condabin
SHELL=/bin/zsh
LANG=C.UTF-8
TERM=xterm-color
TMPDIR=/var/folders/kc/q313ncqs3mq6rk5xwtt9wllh0000gn/T/

Active Locale:
LC_ALL=C/C.UTF-8/C/C/C/C
LC_COLLATE=C
LC_CTYPE=C.UTF-8
LC_MESSAGES=C
LC_MONETARY=C
LC_NUMERIC=C
LC_TIME=C

Signal Handlers:
   SIGSEGV: crash_handler in libjvm.dylib, mask=11100110000111110111111111111111, flags=SA_RESTART|SA_SIGINFO, unblocked
    SIGBUS: crash_handler in libjvm.dylib, mask=11100110000111110111111111111111, flags=SA_RESTART|SA_SIGINFO, unblocked
    SIGFPE: crash_handler in libjvm.dylib, mask=11100110000111110111111111111111, flags=SA_RESTART|SA_SIGINFO, unblocked
   SIGPIPE: javaSignalHandler in libjvm.dylib, mask=11100110000111110111111111111111, flags=SA_RESTART|SA_SIGINFO, blocked
   SIGXFSZ: javaSignalHandler in libjvm.dylib, mask=11100110000111110111111111111111, flags=SA_RESTART|SA_SIGINFO, blocked
    SIGILL: crash_handler in libjvm.dylib, mask=11100110000111110111111111111111, flags=SA_RESTART|SA_SIGINFO, unblocked
   SIGUSR2: SR_handler in libjvm.dylib, mask=00000000000000000000000000000000, flags=SA_RESTART|SA_SIGINFO, blocked
    SIGHUP: UserHandler in libjvm.dylib, mask=11100110000111110111111111111111, flags=SA_RESTART|SA_SIGINFO, blocked
    SIGINT: SIG_IGN, mask=00000000000000000000000000000000, flags=SA_ONSTACK, blocked
   SIGTERM: UserHandler in libjvm.dylib, mask=11100110000111110111111111111111, flags=SA_RESTART|SA_SIGINFO, blocked
   SIGQUIT: UserHandler in libjvm.dylib, mask=11100110000111110111111111111111, flags=SA_RESTART|SA_SIGINFO, blocked
   SIGTRAP: crash_handler in libjvm.dylib, mask=11100110000111110111111111111111, flags=SA_RESTART|SA_SIGINFO, unblocked


Periodic native trim disabled


---------------  S Y S T E M  ---------------

OS:
uname: Darwin 25.5.0 Darwin Kernel Version 25.5.0: Tue Jun  9 22:18:58 PDT 2026; root:xnu-12377.121.10~1/RELEASE_ARM64_T6000 arm64
OS uptime: 12 days 10:02 hours
rlimit (soft/hard): STACK 8176k/65520k , CORE 0k/infinity , NPROC 2666/4000 , NOFILE 1048576/infinity , AS infinity/infinity , CPU infinity/infinity , DATA infinity/infinity , FSIZE infinity/infinity , MEMLOCK infinity/infinity , RSS infinity/infinity
load average: 7.89 7.72 6.44

CPU: total 8 (initial active 8) 0x61:0x0:0x1b588bb3:0, fp, simd, crc, lse
machdep.cpu.brand_string:Apple M1 Pro
hw.cachelinesize:128
hw.l1icachesize:131072
hw.l1dcachesize:65536
hw.l2cachesize:4194304

Memory: 16k page, physical 16777216k(133200k free), swap 6291456k(828160k free)

vm_info: OpenJDK 64-Bit Server VM (17.0.18+8-LTS) for bsd-aarch64 JRE (17.0.18+8-LTS) (Zulu17.64+17-CA), built on Jan 23 2026 09:57:18 by "tester" with clang Apple LLVM 12.0.5 (clang-1205.0.22.11)

END.
